4,4.5,313,69,50000,0,1,1
30,3.6,216,89,10000,0,1,1
30,3.9,7,89,100,1,1,1
30,4.5,259,29,10000,0,1,1
12,4.2,1415,29,100000,0,1,1
30,4.5,313,49,10000,1,1,1
5,4.3,46353,21,1000000,0,1,1
15,3.2,768,1,100000,0,1,1
20,3.4,59,1,10000,0,1,1
13,3.7,913,79,100000,0,1,1
15,4.3,47698,49,5000000,0,1,1
12,4.5,659,39,10000,1,1,1
29,3.6,28,49,500,1,1,1
15,4.3,8668,99,500000,0,3,1
26,3.9,7801,29,1000000,0,1,1
18,3.9,58055,49,5000000,0,1,1
18,4.1,20145,11,1000000,0,1,1
5,3.1,7,39,1000,0,1,1
7,3.8,15036,29,1000000,0,1,1
24,4.6,41000,22,1000000,0,1,1
30,3.8,39,39,10000,0,3,1
4,4.2,20,39,1000,0,1,1
18,4.1,142,49,10000,0,1,1
18,4.1,120,79,10000,0,1,1
18,4.1,66,79,10000,0,1,1
18,4.1,174,89,10000,0,1,1
18,4.2,86,49,10000,0,1,1
18,4.2,78,89,10000,0,1,1
18,4.3,15,49,1000,0,1,1
18,4.4,34,49,1000,0,1,1
18,4.4,63,49,5000,0,1,1
18,4.4,50,59,5000,0,1,1
18,4.4,30,79,5000,0,1,1
18,3.6,7,18,1000,0,1,1
18,3.7,83,49,10000,0,1,1
18,3.8,18,49,1000,0,1,1
18,3.9,53,39,10000,0,1,1
18,3.9,131,49,10000,0,1,1
18,3.9,71,49,10000,0,1,1
18,4.0,24,49,1000,0,1,1
18,4.0,45,39,5000,0,1,1
18,4.0,50,49,5000,0,1,1
18,4.0,45,89,5000,0,1,1
15,4.0,387,1,50000,0,1,1
13,4.4,137,49,10000,0,1,1
21,4.5,163,39,10000,1,1,1
12,4.6,20178,99,100000,0,1,1
30,4.1,981,79,100000,0,1,1
24,4.2,37237,39,5000000,0,1,1
7,4.2,5599,1,100000,1,1,1
30,4.5,21979,98,1000000,0,1,1
19,4.7,56197,15,1000000,0,1,1
30,4.7,1363,1,10000,1,1,1
31,3.2,58,17,5000,0,1,1
12,4.5,922,59,50000,0,1,1
30,4.6,159,29,1000,1,1,1
30,2.8,130,13,5000,1,1,1
30,2.9,33,13,1000,1,1,1
12,5.0,2,49,10,0,1,1
30,3.9,47,29,1000,1,1,1
15,4.1,207,22,50000,0,1,1
9,4.4,1619,35,1000000,0,1,1
12,4.7,7,1,100,1,1,1
33,4.2,2115,1,500000,0,1,1
30,2.9,164,13,5000,1,1,1
32,3.0,78,39,10000,0,1,1
30,4.0,8,1,100,0,1,1
30,4.1,479,29,50000,0,1,1
30,4.2,38,29,5000,0,1,1
30,3.3,257,15,5000,1,1,1
30,4.3,249,69,10000,0,1,1
22,3.8,881,22,100000,0,1,1
16,4.1,131,39,5000,0,1,1
30,3.5,138,13,5000,1,1,1
30,3.6,448,49,50000,0,1,1
30,2.7,168,16,5000,1,1,1
12,4.7,15,39,100,1,1,1
5,3.1,71,6,10000,0,1,1
24,3.5,178,1,10000,0,1,1
24,3.7,21,39,500,1,1,1
18,3.8,7750,29,1000000,0,1,1
24,3.8,24198,22,1000000,0,1,1
7,3.9,1436,29,100000,0,1,1
12,4.0,13,22,1000,0,1,1
18,5.0,26,22,1000,0,1,1
18,5.0,15,1,1000,0,1,1
30,5.0,9,1,100,0,1,1
28,3.8,32,1,10000,0,3,1
3,4.5,473,1,100000,0,2,1
30,4.4,113951,59,10000000,0,1,1
7,4.8,6,39,100,1,1,1
24,4.4,77609,6,1000000,0,1,1
5,4.2,2359,22,10000,1,1,1
24,4.2,18280,69,1000000,0,1,1
24,4.3,28728,29,500000,1,1,1
24,4.3,60298,13,5000000,0,1,1
12,4.4,201,29,5000,1,1,1
30,4.1,45610,16,10000000,0,1,1
30,4.5,31621,29,5000000,0,1,1
30,3.6,949,49,100000,0,1,1
12,4.6,5898,59,100000,0,1,1
12,4.5,93,1,50000,0,1,1
7,4.8,10,59,100,1,1,1
7,4.0,32,49,5000,0,1,1
15,4.0,32522,49,1000000,0,1,1
15,3.7,38767,49,5000000,0,1,1
5,4.4,373,49,10000,0,1,1
15,4.2,4569,12,100000,1,1,1
15,4.0,41759,12,1000000,0,1,1
28,5.0,2,22,500,0,1,1
7,4.4,7,39,5000,0,1,1
21,4.4,34,49,10000,0,1,1
30,3.9,65,59,5000,0,1,1
30,4.3,3268,49,100000,0,1,1
26,4.4,26358,59,500000,1,1,1
7,4.2,124346,1,10000000,0,1,1
24,4.3,111634,13,5000000,0,1,1
30,4.3,1320,79,100000,0,1,1
12,4.9,7,39,1000,0,1,1
12,4.5,49381,69,1000000,0,1,1
12,4.5,6673,49,500000,0,1,1
11,5.0,16,22,100,0,1,1
12,4.4,31,49,100,1,1,1
26,4.2,4737,1,500000,0,1,1
30,4.3,11449,1,500000,0,1,1
24,4.1,291,39,5000,1,1,1
16,4.4,2599,69,100000,0,2,1
30,4.3,269,69,50000,0,1,1
12,4.6,877576,12,10000000,0,1,1
12,4.5,10,22,100,0,1,1
7,4.8,341,99,5000,1,1,1
29,4.1,1076243,13,100000000,0,1,1
12,4.2,1088,39,10000,1,1,1
12,5.0,1,69,10,1,1,1
12,4.4,1091,49,50000,1,1,1
12,4.2,5,49,50,1,1,1
12,4.1,1143,15,10000,1,1,1
15,4.3,29330,69,1000000,0,1,1
26,4.4,15,35,500,0,1,1
7,4.5,5474,17,100000,1,1,1
7,4.2,125232,6,10000000,0,1,1
15,4.4,144545,13,5000000,0,3,1
15,4.4,206602,13,5000000,0,2,1
15,4.5,407788,19,5000000,0,1,1
24,4.3,505,29,10000,1,1,1
15,4.6,568391,59,5000000,0,3,1
13,4.4,31,29,1000,1,1,1
15,4.4,58387,39,1000000,0,1,1
12,4.3,83977,11,500000,0,1,1
26,3.9,44,39,10000,0,1,1
15,4.3,314774,49,5000000,0,3,1
28,3.7,138026,29,5000000,0,2,1
30,4.6,1092,18,100000,0,1,1
7,3.5,10,39,100,1,1,1
32,4.2,4074,1,500000,0,1,1
5,3.0,4,49,1000,0,1,1
25,4.5,180697,69,10000000,0,1,1
26,4.3,26452,49,1000000,0,1,1
25,4.1,49211,6,1000000,0,1,1
12,4.2,3195,49,100000,1,1,1
21,4.3,6079,1,500000,0,1,1
29,4.2,1008012,13,50000000,0,1,1
7,4.4,32254,6,1000000,0,1,1
15,4.4,125578,17,5000000,0,1,1
30,4.3,668,13,50000,0,1,1
15,4.5,152658,29,1000000,0,3,1
30,4.5,1916,39,100000,0,1,1
24,4.3,881,59,10000,1,1,1
13,4.1,13868,1,1000000,0,1,1
29,4.1,10,1,1000,0,1,1
12,2.9,45,1,5000,0,1,1
16,4.0,12906,89,1000000,0,1,1
24,4.0,289,22,10000,0,1,1
21,4.5,93,92,10000,0,3,1
21,4.6,625,89,10000,1,1,1
21,4.6,625,89,10000,1,1,1
24,4.0,1546,49,10000,1,1,1
26,4.4,457,59,50000,0,1,1
21,3.6,25,29,1000,1,1,1
9,4.0,430,59,10000,0,1,1
4,4.2,873,22,50000,0,1,1
15,4.2,951435,14,50000000,0,1,1
4,4.1,70,39,500,1,1,1
24,4.1,12180,59,1000000,0,1,1
12,4.2,580,22,10000,0,1,1
30,4.4,2132,22,100000,0,1,1
28,4.8,1902,59,100000,0,1,1
19,3.8,89,93,10000,0,1,1
12,4.2,1696,29,100000,0,2,1
29,4.2,36183,29,5000000,0,3,1
4,4.1,9636,93,1000000,0,1,1
15,4.2,139432,49,10000000,0,1,1
12,4.0,267636,13,10000000,0,3,1
21,4.3,214,89,10000,1,1,1
12,4.1,413,93,10000,0,1,1
30,3.3,236,29,50000,0,1,1
21,4.0,91,39,10000,0,1,1
30,4.9,19,39,500,0,1,1
24,4.2,290241,49,50000000,0,1,1
9,4.0,275,22,50000,0,1,1
19,4.6,10198,22,100000,0,1,1
30,4.7,32,22,1000,0,1,1
19,3.8,1140,79,100000,0,1,1
12,4.6,222,1,10000,0,1,1
26,4.3,30443,59,1000000,0,1,1
5,3.3,49,59,10000,0,1,1
12,3.3,1218,1,100000,0,1,1
12,3.6,215,22,50000,0,1,1
12,4.6,856,29,5000,0,1,1
12,4.7,557,69,10000,0,1,1
24,4.7,51,29,1000,0,1,1
28,4.7,594,39,1000,0,1,1
12,1.0,1,22,50,1,1,1
15,4.1,533,39,10000,0,1,1
12,3.2,85,22,10000,0,1,1
30,4.5,142,29,5000,1,1,1
7,4.6,649,89,50000,0,1,1
24,4.2,17,96,1000,0,1,1
12,4.3,2772,39,500000,0,3,1
19,4.0,294,14,10000,0,1,1
15,4.0,48,49,1000,1,1,1
24,4.2,279,1,10000,0,1,1
29,4.2,43191,14,5000000,0,1,1
24,4.4,18,22,500,1,1,1
4,3.9,1778,4,500000,0,2,1
15,3.1,440,99,50000,0,1,1
15,4.0,121082,79,10000000,0,3,1
30,4.3,56,22,1000,1,1,1
30,4.3,32207,39,1000000,0,1,1
15,4.2,307398,99,10000000,0,1,1
32,4.3,9966,59,1000000,0,1,1
24,4.3,444,12,10000,1,1,1
24,3.4,730,22,100000,0,1,1
24,4.1,2645,1,50000,1,1,1
12,4.5,65,49,5000,0,1,1
30,3.6,6060,59,500000,0,1,1
4,4.7,263,99,10000,0,1,1
19,4.1,438,29,50000,0,1,1
15,4.5,219821,10,1000000,0,2,1
12,5.0,1,39,10,1,1,1
30,4.3,20865,22,1000000,0,1,1
5,4.3,171771,39,10000000,0,1,1
13,4.3,634,22,50000,0,1,1
24,4.1,69417,89,10000000,0,1,1
12,4.5,11,79,100,0,1,1
15,4.4,1351833,12,10000000,0,3,1
7,4.3,12,39,100,1,1,1
15,4.5,1736105,14,10000000,0,2,1
33,3.8,1195,59,100000,0,1,1
12,2.7,1616,35,500000,0,1,1
33,4.2,6849,1,1000000,0,1,1
12,5.0,4,1,100,0,3,1
12,4.3,42,59,5000,0,1,1
24,4.4,175,59,1000,1,1,1
15,4.5,24210,49,500000,0,3,1
30,3.3,4786,13,500000,0,1,1
12,4.3,2171,12,100000,0,1,1
12,3.8,5964,49,500000,0,3,1
5,2.7,11,69,1000,0,1,1
25,3.7,3396,29,500000,0,1,1
18,3.8,67007,29,5000000,0,1,1
7,4.1,22782,39,1000000,0,1,1
15,3.7,8014,39,100000,1,1,1
12,4.8,171,1,1000,1,1,1
31,4.6,19,14,500,0,1,1
12,4.6,2654,69,100000,0,1,1
21,4.5,63,29,10000,1,1,1
21,4.5,63,29,10000,1,1,1
7,4.6,94,1,1000,1,1,1
12,4.7,143,49,1000,1,1,1
19,4.0,7808,59,1000000,0,1,1
31,3.4,39,39,1000,1,1,1
12,4.3,131,22,5000,0,1,1
30,3.4,843,89,100000,0,1,1
4,4.7,24278,35,1000000,0,1,1
12,3.0,2,18,50,1,1,1
19,4.1,360,49,10000,0,1,1
19,4.1,360,49,10000,0,1,1
26,4.1,979,79,100000,0,1,1
6,4.1,690,49,50000,0,1,1
28,4.8,725,39,10000,0,3,1
27,3.3,272,79,100000,0,1,1
19,4.3,1533,79,100000,0,1,1
30,3.2,427,99,100000,0,1,1
7,4.2,91,69,10000,0,1,1
4,4.6,41608,49,1000000,0,1,1
19,3.0,859,39,100000,0,1,1
19,4.5,16426,1,500000,0,1,1
7,4.4,9,49,5000,0,1,1
7,3.5,400,49,100000,0,1,1
22,4.2,233305,39,10000000,0,1,1
30,3.5,78,39,10000,0,1,1
32,4.2,1236,39,100000,0,1,1
9,4.3,656,59,10000,0,1,1
16,3.5,143,29,10000,0,1,1
30,4.5,1034,18,5000,1,1,1
21,3.6,26,97,5000,0,1,1
12,4.6,106,39,10000,0,1,1
4,4.7,1777,29,50000,0,1,1
16,3.8,76,1,1000,1,1,1
19,5.0,3,1,100,0,1,1
12,4.1,956,10,100000,0,3,1
21,4.2,64,49,1000,1,1,1
21,4.2,64,49,1000,1,1,1
12,3.3,1407,1,100000,0,1,1
30,3.6,661,89,100000,0,1,1
12,3.8,19,12,1000,0,1,1
15,3.8,196,11,5000,0,1,1
30,1.0,1,29,50,0,1,1
12,4.1,681,49,100000,0,1,1
27,4.4,134,49,10000,0,1,1
12,3.6,569,18,100000,0,1,1
12,4.6,28,29,1000,1,1,1
12,3.8,25,99,1000,0,1,1
21,3.8,534,14,100000,0,1,1
30,3.3,999,91,100000,0,1,1
5,3.4,15,22,10000,0,1,1
25,4.4,1302,59,10000,1,1,1
21,4.2,4852,39,100000,0,1,1
27,4.2,182,49,5000,0,1,1
12,3.6,445,12,50000,0,1,1
29,4.6,60,29,1000,1,1,1
12,3.9,3253,39,100000,0,1,1
20,3.9,112,1,10000,0,1,1
26,3.0,5,79,100,1,1,1
7,4.0,1926,79,1000000,0,1,1
28,4.2,17,59,1000,0,3,1
7,4.1,255,6,10000,0,1,1
12,4.1,62,69,10000,0,1,1
33,4.2,11510,39,1000000,0,1,1
12,4.4,63,79,10000,0,1,1
17,3.4,1450,99,100000,0,1,1
30,4.2,928,39,10000,1,1,1
29,4.4,552,1,5000,1,1,1
15,4.1,13,16,500,0,1,1
24,4.2,59,89,1000,1,1,1
4,4.4,98,69,10000,0,1,1
24,4.4,83,89,1000,1,1,1
25,3.8,4813,59,100000,0,1,1
4,4.9,122,29,5000,0,1,1
15,5.0,4,39,50,1,3,1
30,4.0,75,6,10000,0,1,1
12,4.2,3103,89,100000,0,3,1
20,4.3,15,15,5000,0,1,1
18,4.4,783,69,100000,0,1,1
7,4.4,9,59,500,1,1,1
19,3.7,492,49,50000,0,1,1
15,4.1,609,13,10000,0,1,1
7,4.3,260,18,10000,0,1,1
12,3.8,316,19,100000,0,1,1
13,4.3,9400,69,1000000,0,1,1
12,4.6,37,39,1000,0,1,1
24,4.6,14026,12,100000,1,1,1
5,4.4,2287,6,1000000,0,1,1
13,4.8,4,49,1000,0,1,1
30,4.3,37,39,5000,0,1,1
27,5.0,9,15,10,0,1,1
28,4.2,226,15,10000,0,1,1
26,4.2,2412,18,100000,0,1,1
30,3.3,35,91,1000,0,1,1
24,4.2,18926,29,1000000,0,1,1
4,4.8,44,69,1000,0,1,1
12,4.1,321,91,100000,0,1,1
30,3.2,24,49,10000,0,1,1
24,4.2,6,89,50,1,1,1
30,4.2,498,59,100000,0,1,1
33,4.2,8723,49,500000,0,1,1
26,3.4,16,29,100,1,1,1
12,4.4,152,1,10000,0,1,1
12,4.4,1160,39,100000,0,1,1
12,4.4,1160,39,100000,0,1,1
24,2.5,6,29,100,0,1,1
18,3.5,126862,69,10000000,0,1,1
24,3.5,159,29,10000,0,1,1
32,3.5,54,17,10000,0,1,1
29,4.5,177,1,10000,0,1,1
12,1.6,402,1,100000,0,1,1
12,4.6,23,17,10000,0,1,1
12,4.6,60,22,10000,0,1,1
7,3.7,197,95,10000,1,1,1
28,4.7,2068,79,100000,0,1,1
12,1.8,3270,1,500000,0,1,1
5,3.8,1777,94,100000,0,1,1
24,3.8,143,29,5000,0,1,1
7,3.9,97,59,50000,0,1,1
30,3.9,12,22,500,0,1,1
30,3.0,4,22,1000,0,1,1
3,4.0,1,22,100,0,1,1
15,4.0,1287,39,50000,0,1,1
12,2.4,407,39,50000,0,2,1
26,4.1,66,17,1000,1,1,1
12,3.7,3,10,50,0,1,1
29,3.8,926,79,50000,0,1,1
25,3.0,2,99,100,0,1,1
4,5.0,12,59,100,1,1,1
30,3.9,54,29,10000,0,1,1
2,4.0,1403,201,100000,0,1,1
32,4.2,104551,18,10000000,0,1,1
12,4.4,766,14,10000,1,1,1
30,3.2,409,79,50000,0,1,1
30,4.1,9496,69,1000000,0,1,1
15,3.7,8581,12,1000000,0,1,1
20,3.7,78,35,10000,0,1,1
25,2.9,66,89,10000,0,1,1
12,4.3,28151,17,1000000,0,1,1
25,3.3,41,79,5000,0,1,1
12,4.0,2614,69,100000,0,2,1
12,4.6,67410,89,1000000,0,1,1
12,4.0,127,14,10000,0,1,1
24,4.4,2839,59,100000,0,1,1
12,4.5,199,29,10000,0,1,1
12,3.9,8,69,1000,0,1,1
12,4.3,99,1,10000,0,1,1
30,3.9,146,79,10000,0,1,1
30,4.1,172990,59,10000000,0,1,1
30,3.4,784,49,50000,0,1,1
4,4.4,47,1,1000,1,1,1
30,4.5,295430,1,10000000,0,1,1
30,4.0,127,59,10000,0,1,1
12,4.6,4421,39,50000,1,3,1
30,3.1,17,59,1000,0,1,1
13,4.5,1308,39,100000,0,1,1
12,4.1,26347,49,1000000,0,1,1
5,3.1,104,59,10000,0,1,1
12,3.1,47,59,10000,0,1,1
32,4.1,15765,10,1000000,0,1,1
15,3.6,5291,79,100000,0,3,1
12,3.9,14,59,1000,0,3,1
15,4.1,64,1,5000,0,1,1
26,4.2,14428,1,1000000,0,1,1
21,3.4,35,29,1000,1,1,1
15,3.8,13388,79,500000,0,1,1
5,2.9,322,1,50000,0,1,1
7,3.4,37,14,1000,0,1,1
12,4.0,28,1,5000,0,1,1
12,5.0,1,49,10,1,1,1
5,3.4,102,22,10000,0,1,1
5,4.5,80,16,10000,0,1,1
13,3.3,343,22,10000,0,1,1
30,1.7,10,29,500,0,1,1
25,3.8,742,6,100000,0,1,1
5,3.1,4034,23,100000,0,1,1
4,3.5,156,42,500000,0,1,1
30,3.8,131,39,1000,1,1,1
25,4.2,382,29,100000,0,1,1
12,4.6,19,1,500,0,1,1
4,4.7,1340,11,10000,1,1,1
25,4.3,12865,69,100000,1,1,1
7,4.0,27,69,5000,0,1,1
28,4.4,540930,59,10000000,0,3,1
30,4.3,40907,22,5000000,0,1,1
21,4.4,578,79,10000,1,1,1
21,4.4,578,79,10000,1,1,1
26,4.2,12,22,500,0,1,1
26,4.4,41418,1,1000000,0,1,1
5,3.7,3,11,10,1,1,1
19,5.0,6,22,1000,0,1,1
15,4.5,168717,59,10000000,0,2,1
6,3.9,4496,69,100000,0,1,1
15,3.6,16521,29,1000000,0,1,1
12,4.0,26202,49,1000000,0,3,1
12,4.9,15,29,100,0,1,1
12,3.7,2850,39,500000,0,1,1
30,3.8,21943,22,5000000,0,1,1
13,4.5,3704,49,100000,0,1,1
12,4.4,252006,29,5000000,0,1,1
12,4.3,1894,49,100000,0,2,1
30,3.9,478,22,100000,0,1,1
12,3.9,13253,12,1000000,0,1,1
12,4.1,211,14,10000,0,1,1
30,3.4,2889,22,500000,0,1,1
12,4.4,382,49,500000,0,1,1
15,4.6,79,39,1000,0,1,1
12,3.3,24091,16,5000000,0,3,1
12,4.4,1771,49,10000,1,3,1
15,4.4,165656,39,5000000,0,3,1
15,4.4,7412,89,100000,1,3,1
15,4.1,1686,49,100000,0,3,1
12,4.2,37165,29,1000000,0,3,1
12,4.4,16459,89,500000,0,1,1
30,4.6,222,10,10000,0,1,1
30,4.4,745245,39,10000000,0,1,1
30,4.4,166367,1,5000000,0,1,1
30,4.4,166363,1,5000000,0,1,1
15,4.5,4147718,79,100000000,0,1,1
15,3.9,142693,29,5000000,0,3,1
25,4.5,10349,11,1000000,0,1,1
28,4.0,33249,89,1000000,0,1,1
28,4.0,33249,89,1000000,0,1,1
15,4.6,963,49,50000,0,1,1
19,3.9,18961,1,5000000,0,1,1
12,3.3,707,15,100000,0,1,1
28,4.1,12495,19,1000000,0,2,1
12,3.8,52,59,10000,1,1,1
12,4.0,2294,95,100000,0,1,1
27,3.8,208,79,10000,0,1,1
15,4.0,1417,17,100000,0,3,1
9,4.0,835,15,100000,0,1,1
12,4.0,5118,11,1000000,0,1,1
15,4.7,183343,29,5000000,0,3,1
30,3.8,4264,14,500000,0,1,1
15,3.9,2588,29,100000,0,1,1
15,4.0,428268,29,10000000,0,1,1
15,4.6,547,1,10000,0,1,1
15,4.8,265,1,1000,1,1,1
15,4.2,16237,29,500000,0,1,1
9,4.3,206,18,50000,0,1,1
12,4.4,5262,29,100000,0,1,1
12,4.5,709,18,5000,1,1,1
7,3.9,684,69,100000,0,1,1
15,4.3,25952,39,500000,0,1,1
15,4.1,52163,79,1000000,0,2,1
20,4.3,286454,39,10000000,0,1,1
12,3.9,249,29,10000,0,1,1
30,5.0,2,19,10,0,1,1
12,4.2,419375,39,10000000,0,1,1
12,2.9,72,29,5000,0,2,1
26,4.2,53015,22,5000000,0,1,1
12,4.7,6073,89,100000,0,2,1
15,4.0,721,18,50000,0,3,1
15,3.9,145931,49,10000000,0,3,1
15,4.0,154108,79,5000000,0,1,1
30,4.3,15618,22,1000000,0,1,1
12,4.5,48754,99,100000,1,1,1
12,3.8,4,59,100,1,1,1
25,4.1,21578,1,1000000,0,1,1
15,4.2,5442,17,100000,0,3,1
12,4.3,525552,49,10000000,0,1,1
12,4.3,525552,49,10000000,0,1,1
15,4.3,525517,49,10000000,0,1,1
1,4.4,1518,37,100000,0,1,1
10,4.2,38769,49,1000000,0,2,1
13,2.4,36,99,1000,1,1,1
12,4.7,2195,39,10000,1,1,1
15,4.4,32496,99,1000000,1,3,1
15,3.7,31883,29,1000000,0,3,1
26,3.8,5107,1,500000,0,1,1
26,4.5,49794,69,1000000,0,1,1
12,3.6,906,18,100000,0,1,1
15,3.8,21423,89,1000000,0,1,1
15,4.3,8537,29,100000,0,1,1
15,4.1,94761,17,10000000,0,3,1
15,3.8,16282,39,1000000,0,3,1
15,4.0,119368,19,10000000,0,3,1
15,3.8,4116,89,100000,0,1,1
12,4.5,66740,29,1000000,0,1,1
15,4.3,13604,96,1000000,1,3,1
15,4.6,267229,29,10000000,0,3,1
15,4.2,358,15,10000,0,1,1
15,4.5,549039,29,50000000,0,3,1
15,4.5,547644,29,50000000,0,3,1
7,3.3,1434,99,100000,0,1,1
6,4.4,2012,39,100000,0,1,1
12,4.8,4,39,100,1,3,1
12,4.3,1364,59,100000,0,1,1
19,3.7,4212,29,1000000,0,1,1
12,4.2,64815,29,5000000,0,3,1
15,3.5,901,69,50000,0,1,1
25,3.1,6827,89,1000000,0,1,1
33,4.1,1238,49,100000,0,1,1
30,3.8,79132,22,10000000,0,1,1
24,4.2,63699,22,5000000,0,3,1
15,4.2,7699,89,500000,0,2,1
15,4.0,3322,89,100000,0,2,1
25,3.3,1461,13,100000,0,1,1
30,4.7,88993,1,10000000,0,1,1
12,4.4,7615646,79,100000000,0,1,1
15,4.3,4704,39,100000,0,1,1
12,4.3,21804,49,1000000,1,1,1
24,3.9,25037,14,1000000,0,1,1
24,3.9,25035,14,1000000,0,1,1
15,4.0,17876,39,1000000,0,1,1
15,4.1,29798,89,1000000,0,2,1
15,4.5,33,49,1000,0,1,1
30,3.7,770,22,10000,1,1,1
15,4.2,6947,29,500000,0,1,1
15,4.2,63056,89,1000000,0,3,1
32,4.3,38607,29,1000000,0,1,1
15,4.4,7614130,79,100000000,0,1,1
15,4.4,7614271,79,100000000,0,1,1
15,4.4,7614415,79,100000000,0,1,1
15,4.4,7614407,79,100000000,0,1,1
29,3.7,2980,29,100000,0,1,1
24,4.2,97890,14,1000000,1,1,1
24,4.2,97890,14,1000000,1,1,1
15,4.6,152395,14,10000000,0,1,1
28,3.4,3640,99,500000,0,2,1
12,4.8,36968,16,1000000,0,1,1
12,4.0,751,49,10000,1,1,1
25,4.0,88860,69,5000000,0,1,1
15,4.3,12,29,100,1,1,1
21,4.4,1517,89,100000,0,1,1
5,2.0,9,39,1000,0,1,1
27,4.2,1558,29,100000,0,1,1
29,4.5,5517,59,500000,0,1,1
15,4.2,32849,1,1000000,0,1,1
12,4.4,276,16,50000,0,1,1
9,4.1,358,6,50000,0,1,1
12,4.1,3543,49,500000,0,1,1
12,4.3,96,59,10000,0,1,1
15,4.3,2233,39,1000000,0,1,1
15,4.4,12683,19,1000000,0,1,1
15,4.4,7,39,100,0,1,1
9,4.5,1929,22,500000,0,1,1
12,4.5,681,29,50000,0,1,1
12,3.6,209,16,50000,0,1,1
32,4.6,277,69,10000,0,1,1
30,3.7,26,22,5000,0,1,1
30,3.7,822,59,50000,0,1,1
13,3.8,109,29,10000,0,1,1
5,3.9,184,49,50000,0,1,1
12,3.9,30,16,1000,0,1,1
12,3.9,253,14,10000,0,1,1
4,4.0,22,39,1000,0,1,1
25,4.0,802,59,100000,0,1,1
15,4.4,6735,29,1000000,0,2,1
15,4.2,211,49,10000,0,3,1
15,4.4,889425,49,10000000,0,3,1
15,3.5,3048,29,500000,0,3,1
15,4.6,21266,49,100000,1,3,1
12,3.8,25,49,1000,0,3,1
15,3.9,71,59,10000,0,3,1
29,3.6,25,69,1000,1,1,1
12,3.8,21149,39,1000000,0,1,1
25,4.0,675,15,100000,0,1,1
15,4.1,234606,59,10000000,0,1,1
18,4.1,923,49,100000,0,1,1
12,4.7,61600,39,1000000,0,1,1
4,4.6,361780,99,10000000,0,1,1
13,3.8,57,49,5000,0,1,1
12,4.6,41,99,1000,0,1,1
7,4.2,42925,6,1000000,0,1,1
1,4.1,227,1,50000,0,1,1
15,4.3,54221,49,1000000,0,1,1
15,3.4,9051,29,1000000,0,1,1
12,3.8,20292,49,1000000,0,1,1
15,3.8,35171,49,1000000,0,1,1
29,3.9,6289,39,1000000,0,1,1
12,3.0,30,39,5000,0,1,1
12,3.0,76,39,5000,1,1,1
19,5.0,1,1,10,1,1,1
24,5.0,13,59,100,1,1,1
15,4.3,5785,93,500000,0,3,1
15,4.5,16162,99,100000,1,3,1
15,4.0,795,49,100000,0,3,1
21,4.3,62,29,5000,0,1,1
15,3.7,91,29,10000,0,1,1
12,3.8,1123,59,100000,0,1,1
12,4.2,116,49,10000,0,1,1
12,4.5,170,49,10000,0,1,1
12,4.2,145,49,10000,0,3,1
12,3.8,28,49,1000,0,3,1
12,4.0,54,49,5000,0,3,1
12,4.3,275048,49,10000000,0,3,1
15,3.3,5290,49,500000,0,1,1
15,4.4,1628,39,50000,0,1,1
30,2.5,15,29,5000,0,1,1
12,4.8,160,13,10000,0,1,1
15,3.9,2362,29,100000,0,1,1
19,4.0,448,39,50000,0,1,1
15,3.8,17372,49,1000000,0,2,1
12,3.6,3502,69,500000,0,3,1
15,3.8,488,39,100000,0,3,1
22,4.2,2318,49,100000,0,1,1
12,3.9,159,39,5000,0,1,1
15,4.1,91667,29,1000000,0,1,1
15,4.4,243121,39,5000000,0,3,1
12,4.1,27130,39,5000000,0,1,1
12,4.2,23292,29,1000000,0,1,1
12,4.2,109,29,10000,0,1,1
12,4.2,1960,89,100000,0,1,1
15,3.3,19,1,100,1,1,1
21,4.3,6,59,1000,0,1,1
4,3.4,116,49,5000,1,1,1
12,4.4,11442,69,1000000,0,1,1
12,4.4,6367,96,1000000,0,1,1
15,3.6,12257,49,1000000,0,1,1
12,3.7,56664,89,1000000,0,1,1
15,4.1,154519,99,10000000,0,2,1
15,4.1,395,59,50000,0,3,1
15,4.2,3946,49,100000,0,3,1
7,3.4,5,22,100,0,3,1
26,4.2,80581,22,10000000,0,1,1
30,3.9,333,1,100000,0,1,1
22,4.0,146,35,10000,0,1,1
30,4.0,22,89,1000,1,1,1
29,4.2,15068,22,1000000,0,1,1
17,3.9,59660,79,1000000,0,1,1
15,4.5,43576,59,5000000,0,1,1
12,4.3,14,49,1000,0,3,1
12,4.7,15,49,1000,0,3,1
15,4.4,4396,49,100000,0,1,1
16,3.7,1861,1,1000000,0,1,1
12,2.9,21,22,5000,0,1,1
15,4.2,3247,29,500000,0,3,1
12,2.9,31596,39,5000000,0,3,1
12,4.0,20421,39,1000000,0,3,1
31,4.4,105,59,10000,0,1,1
5,4.2,123,39,10000,0,1,1
12,3.1,19,94,1000,0,1,1
28,4.3,16404,22,1000000,0,1,1
12,4.4,77,10,10000,0,1,1
12,4.4,634,1,100000,0,1,1
24,3.6,5525,22,500000,0,1,1
25,3.7,1213,1,500000,0,1,1
12,4.0,532,69,100000,0,1,1
25,4.0,5855,49,1000000,0,1,1
30,4.0,29944,22,5000000,0,1,1
15,4.2,17453,99,1000000,0,2,1
15,4.4,45871,99,5000000,0,3,1
12,4.3,382,15,10000,1,1,1
12,4.3,382,15,10000,1,1,1
25,4.3,56114,17,10000000,0,1,1
12,3.9,1036,39,100000,0,1,1
15,4.5,2917,29,100000,0,3,1
15,4.0,166033,29,10000000,0,1,1
12,4.3,2806,29,100000,0,3,1
12,3.2,111,39,5000,0,1,1
12,4.2,5178,29,1000000,0,1,1
12,3.9,80313,39,10000000,0,1,1
26,4.0,9,35,500,0,1,1
15,4.1,74842,99,5000000,0,3,1
12,3.3,10449,29,1000000,0,3,1
12,4.3,1503544,49,50000000,0,3,1
15,4.5,1041836,59,10000000,0,3,1
12,4.6,73919,49,500000,1,3,1
15,4.7,27856,59,100000,1,3,1
12,4.2,1405,99,10000,1,1,1
30,4.3,29,29,1000,0,1,1
12,4.5,1455,89,500000,0,1,1
12,4.1,11179,19,1000000,0,3,1
30,4.1,633,39,100000,0,1,1
22,4.9,34,39,1000,0,1,1
26,4.2,1623,1,100000,0,1,1
25,3.3,1307,69,500000,0,1,1
19,4.4,16637,10,1000000,0,1,1
19,4.4,16637,10,1000000,0,1,1
15,3.6,2328,12,100000,0,1,1
15,3.9,8122,29,500000,0,2,1
30,2.8,44,49,10000,0,1,1
19,4.6,116079,39,5000000,0,1,1
26,4.5,40328,29,1000000,0,1,1
15,4.6,59800,79,5000000,0,1,1
15,4.6,59854,79,5000000,0,1,1
15,4.6,59907,79,5000000,0,1,1
15,4.6,59907,79,5000000,0,1,1
31,4.6,470,29,10000,0,1,1
15,3.8,22191,35,1000000,0,1,1
15,3.8,25275,29,5000000,0,1,1
15,4.1,29062,69,1000000,0,1,1
15,4.2,2183,49,500000,0,1,1
7,3.7,218,39,10000,0,1,1
12,3.4,159,35,1000,1,3,1
15,4.3,85882,29,10000000,0,1,1
12,4.4,59843,29,5000000,0,1,1
15,4.3,34494,29,5000000,0,1,1
30,4.0,807,1,100000,0,1,1
16,2.6,114,1,10000,0,1,1
4,4.6,90468,7,5000000,0,1,1
30,3.9,132,22,50000,0,1,1
25,4.3,20,49,1000,0,1,1
7,3.4,49,49,10000,0,1,1
12,4.6,31,79,500,0,1,1
12,4.0,68,59,5000,0,1,1
7,5.0,1,69,50,0,1,1
15,5.0,11,69,10,0,1,1
15,3.3,2717,49,100000,0,3,1
15,4.3,59,1,1000,0,1,1
12,4.3,7441,59,500000,0,1,1
12,4.3,20,39,1000,0,1,1
32,3.9,141515,59,10000000,0,3,1
19,4.5,532,69,10000,0,1,1
12,4.3,56444,49,500000,1,1,1
1,4.1,223,1,100000,0,1,1
15,4.1,164,17,10000,0,1,1
29,4.1,361,22,50000,0,1,1
4,4.2,8,39,5000,0,1,1
7,4.2,10,35,5000,0,1,1
12,4.2,28737,17,1000000,0,1,1
15,4.2,652,39,10000,0,1,1
21,4.2,6,29,1000,0,1,1
32,3.3,1261,22,10000,0,1,1
1,4.3,845,7,100000,0,1,1
2,4.3,47,59,1000,0,1,1
4,4.3,72,6,10000,0,1,1
12,4.3,4551,79,500000,0,1,1
19,4.3,7287,59,1000000,0,1,1
19,4.3,601,59,100000,0,1,1
5,3.4,45,59,10000,0,1,1
15,3.4,5,29,50,0,1,1
1,4.4,167,6,50000,0,1,1
12,4.4,32,39,1000,0,1,1
12,4.4,551,39,100000,0,1,1
12,4.4,1852,69,100000,0,1,1
12,4.4,7,79,500,0,1,1
19,4.4,5,49,1000,0,1,1
30,4.4,8,1,500,0,1,1
1,4.5,27,17,10000,0,1,1
6,4.5,438,6,10000,0,1,1
12,4.5,15,49,1000,0,1,1
12,4.5,227,15,50000,0,1,1
15,4.5,2,79,100,1,1,1
12,2.6,17,49,5000,0,1,1
19,4.6,2167,1,500000,0,1,1
25,4.6,8,99,1000,0,1,1
30,4.6,14,22,1000,0,1,1
12,3.7,464,6,50000,0,1,1
30,3.7,6,1,1000,0,1,1
15,2.8,9,29,500,0,1,1
12,3.8,174,49,10000,0,1,1
30,3.8,208,79,50000,0,1,1
12,4.8,5,1,10,0,1,1
12,3.9,1455,1,10000,0,1,1
12,3.0,6,39,1000,0,1,1
2,4.0,190,6,50000,0,1,1
6,4.0,78,29,5000,0,1,1
30,4.0,710,1,100000,0,1,1
4,5.0,5,49,1000,0,1,1
15,5.0,2,16,1,1,1,1
12,4.1,2683,29,50000,0,1,1
15,4.3,9951,96,1000000,0,2,1
15,4.5,3432,99,1000000,0,2,1
12,3.6,1354,49,500000,0,2,1
15,2.3,278,22,10000,0,3,1
15,4.3,5339,39,1000000,0,3,1
12,4.4,12,19,1000,0,3,1
12,3.5,246,39,50000,0,3,1
12,3.7,165,29,10000,0,3,1
24,3.9,168,22,50000,0,3,1
15,4.0,454,29,10000,0,3,1
12,4.2,1749,69,100000,0,1,1
12,4.3,63160,17,1000000,0,1,1
12,4.3,63192,17,1000000,0,1,1
15,3.4,256,99,50000,0,1,1
12,4.5,226,29,100000,0,1,1
12,4.6,66,17,10000,0,1,1
12,3.7,3258,29,500000,0,1,1
12,4.3,363,14,1000,1,1,1
15,4.6,8,69,100,1,3,1
28,4.4,214,89,10000,0,3,1
15,4.2,601,69,100000,0,1,1
15,4.3,6698,49,500000,0,1,1
15,4.1,2399,49,100000,0,2,1
15,4.2,33,13,1000,0,3,1
29,3.9,47688,17,5000000,0,1,1
29,4.6,4011,22,500000,0,3,1
8,3.5,69,49,5000,0,1,1
4,4.6,53,16,5000,0,1,1
30,4.6,262076,1,10000000,0,1,1
12,4.8,23,39,10000,0,1,1
15,4.0,82,49,5000,0,1,1
15,4.4,11023,16,100000,1,3,1
19,3.9,592,22,100000,0,1,1
32,3.8,11,39,5000,0,3,1
15,4.3,56,29,1000,1,1,1
15,4.0,505,29,10000,0,1,1
2,4.3,348,38,100000,0,1,1
12,4.3,1369,99,500000,0,1,1
19,4.3,218,19,10000,0,1,1
30,3.6,41,29,10000,0,1,1
26,4.8,16,22,1000,0,1,1
12,4.7,1667,17,10000,1,3,1
12,4.3,26224,49,1000000,0,1,1
12,4.4,3358,17,100000,1,1,1
15,3.5,196,39,10000,0,1,1
30,4.7,85079,29,1000000,0,1,1
12,4.0,10447,39,1000000,0,1,1
15,5.0,2,29,1,1,1,1
12,4.7,1647,16,10000,1,1,1
12,4.0,25,79,5000,0,1,1
30,4.0,18478,1,1000000,0,1,1
12,4.3,5623,29,100000,0,1,1
15,4.2,26893,29,1000000,0,3,1
12,5.0,1,69,10,1,1,1
12,3.8,110,29,5000,0,1,1
12,3.9,46,29,10000,1,1,1
12,4.0,24,6,1000,0,2,1
12,4.2,9659,39,100000,1,1,1
15,4.2,177542,49,10000000,0,1,1
12,4.3,219,49,5000,0,1,1
12,4.3,6669,39,1000000,0,1,1
30,4.0,177,29,10000,0,1,1
15,4.3,10306,59,1000000,0,2,1
15,4.3,10354,59,1000000,0,2,1
15,4.3,10493,59,1000000,0,2,1
15,4.3,10538,59,1000000,0,2,1
16,4.1,2469,39,100000,0,1,1
9,4.4,748,59,1000000,0,1,1
12,4.4,765,59,1000000,0,1,1
15,4.4,1218,15,500000,0,1,1
12,4.1,44027,59,5000000,0,2,1
30,4.6,14224,79,1000000,0,1,1
23,4.8,7505,99,100000,0,1,1
30,3.0,245,39,10000,0,1,1
12,4.7,417197,99,10000000,0,1,1
15,4.7,416540,99,10000000,0,1,1
12,4.0,28633,89,1000000,0,1,1
12,4.3,23772,17,5000000,0,1,1
9,4.4,7005,69,1000000,0,1,1
12,4.4,7006,69,1000000,0,1,1
30,3.9,12388,59,1000000,0,1,1
28,3.9,3047,1,100000,0,3,1
12,4.4,19207,39,100000,0,1,1
15,3.8,898,39,100000,0,3,1
7,4.0,1711,22,100000,0,1,1
12,4.2,141363,89,10000000,0,1,1
15,4.0,30008,99,1000000,0,2,1
13,4.4,1922,49,100000,0,1,1
30,4.3,15,1,100,1,1,1
12,4.0,660613,29,50000000,0,1,1
29,3.9,9765,14,1000000,0,1,1
7,3.7,481,49,10000,1,1,1
7,3.8,21785,22,1000000,0,1,1
25,4.0,15098,10,1000000,0,1,1
7,3.9,138129,22,10000000,0,1,1
7,3.7,166,22,5000,1,1,1
12,4.5,18612,89,100000,1,1,1
24,4.6,66453,14,5000000,0,1,1
12,4.1,6007,18,1000000,0,1,1
15,3.9,41683,69,1000000,0,1,1
15,4.4,3057481,14,50000000,0,3,1
15,4.6,100805,59,1000000,1,3,1
15,4.7,541732,29,5000000,0,1,1
12,3.3,355837,39,10000000,0,1,1
4,4.6,2084,6,500000,0,1,1
31,3.8,43,29,10000,0,1,1
4,3.1,50,49,1000,1,1,1
4,4.1,114,69,10000,0,1,1
9,4.3,11904,1,1000000,0,1,1
19,4.3,665,35,500000,0,1,1
12,2.4,210,49,10000,0,1,1
4,4.6,156,22,10000,0,1,1
18,4.6,2580,29,100000,0,1,1
25,2.8,1022,39,100000,0,1,1
33,3.8,15966,99,1000000,0,1,1
30,3.9,71,1,10000,0,1,1
15,5.0,1,29,10,0,1,1
25,3.9,28429,14,5000000,0,3,1
7,4.3,15439,22,1000000,0,1,1
32,4.5,351168,13,10000000,0,1,1
18,3.8,912,13,500000,0,1,1
33,3.8,30,22,1000,1,1,1
12,4.0,369,39,10000,0,1,1
12,4.3,560,49,10000,1,1,1
26,4.3,12321,79,1000000,0,1,1
12,3.9,29415,69,1000000,0,2,1
30,4.1,19,39,1000,0,1,1
26,4.0,198,39,50000,0,1,1
25,3.5,52,1,10000,0,1,1
19,2.0,8,12,1000,0,1,1
12,4.1,137674,79,5000000,0,3,1
15,4.3,18277,17,1000000,0,3,1
29,4.2,1904,99,100000,0,1,1
12,4.7,12948,29,1000000,0,1,1
24,4.4,5599,49,500000,0,1,1
12,4.5,359,17,5000,1,1,1
12,3.9,6903,29,1000000,0,1,1
12,3.9,6903,29,1000000,0,1,1
12,3.9,6903,29,1000000,0,1,1
13,3.8,922,22,100000,0,1,1
12,3.7,37,99,5000,0,1,1
12,3.8,70903,49,1000000,0,1,1
5,3.8,203,59,10000,0,1,1
33,3.7,631,35,100000,0,1,1
7,4.6,265,22,10000,1,1,1
33,4.0,1185,59,100000,0,1,1
12,4.3,45370,14,1000000,0,3,1
30,4.3,33,1,500,1,1,1
5,3.5,15,89,1000,0,1,1
30,2.2,4,49,500,0,1,1
9,4.3,22251,1,1000000,0,1,1
12,4.3,22248,1,1000000,0,1,1
19,4.4,317,79,50000,0,1,1
4,4.5,12322,29,500000,0,1,1
21,4.5,133,29,10000,1,1,1
9,3.8,27572,29,5000000,0,1,1
12,3.7,1443,29,100000,0,2,1
12,3.3,16063,39,1000000,0,3,1
5,4.5,43,92,100,0,1,1
12,4.4,20368,39,500000,0,3,1
12,4.6,15301,18,100000,1,1,1
15,4.3,246538,69,5000000,0,3,1
30,4.3,99290,39,5000000,0,1,1
25,4.2,329160,29,10000000,0,1,1
30,3.7,23347,79,5000000,0,1,1
12,3.8,7462,39,1000000,0,1,1
15,4.1,104583,39,1000000,0,1,1
9,4.2,3816,22,500000,0,1,1
19,1.5,2,35,100,0,1,1
15,4.3,37513,39,5000000,0,1,1
12,4.7,7878,39,1000000,0,1,1
15,3.5,14823,49,1000000,0,3,1
12,3.7,1478,49,100000,0,1,1
12,4.5,197,11,1000,1,1,1
12,3.3,8642,19,500000,0,3,1
25,4.3,316378,49,10000000,0,1,1
30,4.1,65597,22,10000000,0,1,1
5,4.4,244,69,1000,1,1,1
28,4.2,58341,99,1000000,0,1,1
7,4.1,28238,17,1000000,0,1,1
29,4.3,401,29,10000,0,1,1
30,3.4,29854,59,1000000,0,1,1
24,4.1,285,39,50000,0,3,1
12,4.0,7243,49,1000000,0,1,1
15,4.2,249308,59,10000000,0,1,1
7,4.0,9498,118,1000000,0,1,1
30,4.3,1648515,79,100000000,0,1,1
18,4.7,2639,19,500000,0,1,1
1,3.9,136,6,10000,0,1,1
15,3.7,63986,29,1000000,0,3,1
18,4.3,434,16,100000,0,1,1
30,3.8,415,29,50000,0,1,1
7,4.3,335646,1,10000000,0,1,1
24,4.0,6263,29,500000,0,1,1
26,4.3,1905,35,100000,0,1,1
18,4.7,831,29,100000,0,1,1
19,3.9,73,39,10000,0,1,1
15,4.6,87766,12,1000000,1,1,1
24,4.3,1580,39,100000,0,1,1
24,4.5,292,79,10000,0,1,1
12,4.3,264,69,10000,0,1,1
15,3.6,51366,16,5000000,0,1,1
15,3.9,29990,96,1000000,0,3,1
12,4.3,64884,39,5000000,0,1,1
12,4.7,17,22,1000,0,1,1
12,3.1,305,89,100000,0,1,1
25,2.7,90,49,5000,1,1,1
15,3.4,107778,89,10000000,0,1,1
15,4.4,524467,39,10000000,0,3,1
25,4.2,348,1,10000,0,1,1
12,4.1,3433,29,50000,0,1,1
15,4.2,40847,94,1000000,0,1,1
21,3.9,40,49,5000,0,1,1
9,4.2,240,29,10000,0,1,1
7,4.5,4,89,100,0,1,1
30,3.6,12993,59,1000000,0,1,1
12,4.2,1901,89,100000,0,2,1
15,4.1,496,39,100000,0,3,1
15,3.8,4552,49,100000,0,1,1
21,3.9,265,79,10000,0,1,1
12,4.3,129603,29,1000000,1,1,1
12,5.0,3,69,500,0,1,1
29,5.0,1,69,10,0,1,1
12,4.2,24775,39,100000,0,1,1
15,4.5,7687,29,100000,1,1,1
15,4.2,70389,29,1000000,0,3,1
5,2.7,358,22,50000,0,1,1
12,4.5,472,49,10000,0,1,1
12,4.0,83875,49,1000000,0,1,1
12,4.4,3570,29,100000,1,1,1
12,4.4,969,29,50000,0,1,1
7,3.3,960,39,50000,0,1,1
12,3.9,1213,18,10000,1,1,1
12,4.2,35172,39,1000000,0,3,1
5,1.0,1,79,100,0,1,1
15,4.4,327599,69,10000000,0,3,1
15,4.2,212067,49,10000000,0,1,1
10,4.3,103078,59,5000000,0,1,1
12,4.3,103064,59,5000000,0,1,1
12,4.3,8450,1,100000,1,1,1
21,3.7,9,29,1000,0,1,1
15,4.4,248417,17,5000000,0,3,1
9,4.2,3692,49,100000,0,1,1
29,4.5,2943,89,100000,0,1,1
15,4.2,131,29,1000,1,1,1
12,4.2,3379,69,100000,0,2,1
5,4.6,70,14,1000,0,1,1
13,3.9,714,39,50000,0,1,1
21,3.4,18,49,1000,0,1,1
21,3.1,253,49,50000,0,1,1
21,2.6,41,14,1000,1,1,1
12,4.3,157997,29,10000000,0,1,1
12,4.5,530854,59,10000000,0,1,1
12,4.5,530904,59,10000000,0,1,1
12,4.3,726,19,5000,1,1,1
15,4.3,5682,39,50000,1,1,1
12,4.0,250257,59,5000000,0,1,1
12,4.1,313,39,5000,1,1,1
30,3.9,428,39,100000,0,1,1
30,3.3,688,59,100000,0,1,1
25,4.0,32896,39,5000000,0,1,1
12,4.3,616,29,10000,0,3,1
15,4.7,466495,59,10000000,0,3,1
12,4.3,171220,49,5000000,0,1,1
30,3.4,2420,1,1000000,0,1,1
15,4.4,1849,39,10000,0,1,1
24,4.2,58052,49,5000000,0,3,1
12,4.6,1764,89,10000,1,1,1
7,4.1,29208,23,1000000,0,1,1
11,4.3,5839,39,100000,0,1,1
12,4.2,17108,89,100000,0,1,1
20,2.8,440,29,10000,1,1,1
12,4.0,1469,59,100000,0,1,1
4,4.5,67186,69,1000000,0,1,1
15,4.7,4041,29,10000,0,1,1
26,4.3,226295,49,10000000,0,1,1
26,4.3,226295,49,10000000,0,1,1
26,4.3,176,22,100000,0,1,1
19,4.6,518,49,50000,0,1,1
20,3.7,13,39,1000,0,1,1
12,2.9,1073,29,100000,0,1,1
12,3.9,13,17,100,0,1,1
31,5.0,3,22,100,0,1,1
15,3.8,8,49,1000,0,3,1
32,4.1,24565,59,1000000,0,1,1
12,4.3,1329192,97,50000000,0,1,1
12,4.3,1329008,97,50000000,0,1,1
19,4.5,82,89,5000,0,1,1
26,4.5,27820,49,1000000,0,1,1
12,4.2,58553,59,1000000,0,1,1
27,4.4,2375,1,100000,0,1,1
15,4.4,1644,15,10000,1,1,1
15,3.9,178723,69,10000000,0,1,1
25,3.9,55427,69,10000000,0,1,1
19,3.0,4260,69,5000000,0,1,1
12,4.2,38,49,1000,1,1,1
16,4.5,1203,69,500000,0,1,1
7,3.8,9,79,100,1,1,1
12,3.8,22570,39,1000000,0,1,1
15,4.2,28151,49,1000000,0,1,1
14,4.0,196,99,10000,0,1,1
15,3.9,23104,49,1000000,0,1,1
25,4.0,33439,39,5000000,0,1,1
12,4.0,94308,79,10000000,0,1,1
12,4.2,6133,79,100000,0,1,1
15,3.1,1015,69,100000,0,1,1
12,4.3,42432,39,1000000,0,1,1
12,4.3,9149,89,1000000,0,1,1
20,4.3,334,69,10000,0,1,1
24,4.5,323,39,10000,0,1,1
12,3.6,283,18,50000,0,1,1
15,3.8,8482,49,1000000,0,1,1
15,4.6,1327265,99,50000000,0,3,1
15,4.6,1327269,99,50000000,0,3,1
12,4.8,4,29,10,1,3,1
30,4.1,1186,69,50000,0,3,1
30,3.6,7,16,1000,0,1,1
12,3.9,35989,49,1000000,0,1,1
30,4.0,495971,29,50000000,0,1,1
5,3.7,244,97,10000,0,1,1
12,3.7,39,29,5000,0,1,1
12,2.3,3,39,1000,0,1,1
12,4.4,925,49,10000,1,1,1
24,4.5,561,49,10000,0,1,1
12,4.2,45,29,1000,0,3,1
12,4.3,2871,18,100000,0,1,1
19,4.8,74,29,5000,0,3,1
12,4.3,105,59,1000,1,3,1
30,3.7,338449,29,10000000,0,1,1
24,4.2,4383,79,500000,0,3,1
16,4.2,1608,39,100000,0,1,1
5,3.7,3757,59,1000000,0,1,1
2,4.0,5,39,1000,0,1,1
31,3.7,35,13,10000,0,1,1
16,4.0,2490,39,500000,0,1,1
16,4.0,2490,39,500000,0,1,1
15,4.2,17039,49,5000000,0,1,1
15,4.2,17044,49,5000000,0,1,1
4,4.5,314,99,50000,0,1,1
30,4.2,12121,79,1000000,0,1,1
30,4.1,14,39,1000,0,1,1
30,4.1,7,49,1000,0,1,1
30,4.4,79,39,10000,0,1,1
30,4.6,7,39,1000,0,1,1
30,5.0,5,39,500,0,1,1
30,4.0,5,1,500,0,1,1
12,4.5,97071,89,5000000,0,3,1
14,5.0,2,39,50,0,1,1
21,4.2,74,22,1000,1,1,1
24,4.2,78,10,10000,0,1,1
15,4.3,234110,39,50000000,0,1,1
15,4.3,234589,39,50000000,0,1,1
30,3.4,5,29,500,0,1,1
12,4.4,13,39,1000,0,1,1
24,4.5,52,79,10000,0,1,1
15,3.6,2065,29,100000,0,1,1
29,4.6,10,69,100,1,1,1
4,4.7,1201,29,100000,0,1,1
12,4.7,7116,49,100000,0,1,1
15,3.9,783,39,100000,0,1,1
12,1.0,1,16,10,1,1,1
21,3.0,4,39,500,1,1,1
7,4.0,138,22,10000,0,1,1
24,4.0,126,89,10000,0,1,1
24,4.0,649,11,100000,0,1,1
24,4.2,13,15,1000,0,3,1
24,4.2,4,14,100,0,3,1
12,4.4,634,89,100000,0,3,1
24,4.4,40,13,5000,0,3,1
24,4.5,86,17,10000,0,3,1
24,3.7,3,15,100,0,3,1
12,3.8,63,39,10000,0,3,1
15,4.5,121533,69,10000000,0,1,1
2,2.6,5,99,1000,0,1,1
5,4.6,7,22,500,0,1,1
12,2.8,5,69,50,1,1,1
15,4.3,4923,29,100000,0,1,1
26,3.2,12,22,1000,0,1,1
15,3.8,164,29,10000,0,1,1
15,3.0,49,79,5000,0,1,1
28,3.2,398,22,50000,0,2,1
15,4.3,125,79,5000,0,3,1
15,3.9,164,39,10000,0,3,1
15,4.2,13004,49,100000,1,3,1
12,4.1,488039,59,10000000,0,3,1
12,4.1,24668,49,1000000,0,1,1
31,4.1,60,13,1000,0,1,1
12,3.4,642,29,10000,1,1,1
12,3.0,42515,1,5000000,0,1,1
7,4.6,8,1,1000,0,1,1
16,4.4,7586,49,500000,0,1,1
12,4.6,84114,29,500000,1,1,1
22,4.1,56,29,1000,0,1,1
30,4.1,36,35,10000,0,1,1
19,4.5,13,29,1000,0,1,1
12,4.4,351607,89,5000000,0,1,1
15,4.2,52390,29,5000000,0,1,1
12,4.5,1333338,89,10000000,0,1,1
26,4.6,122424,49,5000000,0,1,1
12,4.1,41867,79,1000000,0,1,1
15,4.2,210317,49,10000000,0,1,1
25,3.5,12204,69,1000000,0,1,1
12,4.1,72522,59,10000000,0,1,1
11,4.3,456,29,50000,0,1,1
19,5.0,33,29,500,0,1,1
29,4.5,2371338,39,50000000,0,3,1
22,4.3,828,89,10000,0,1,1
22,4.1,763,22,100000,0,1,1
24,4.2,36,59,1000,0,1,1
5,3.6,125,59,10000,0,1,1
12,3.9,656,29,500000,0,1,1
19,2.8,81,79,10000,0,1,1
26,4.0,319,22,100000,0,1,1
19,3.0,552,79,50000,0,1,1
22,4.5,14221,6,1000000,0,3,1
16,4.3,1288,39,100000,0,1,1
26,4.4,577059,1,50000000,0,1,1
12,4.8,18298,89,500000,0,1,1
24,4.3,26601,59,1000000,0,1,1
15,3.7,53,14,1000,0,1,1
5,4.2,63,13,5000,0,1,1
32,4.1,29867,1,5000000,0,1,1
12,4.6,190086,94,1000000,1,1,1
12,4.0,576210,49,50000000,0,1,1
12,4.2,2233681,97,50000000,0,3,1
5,3.4,54,59,10000,0,1,1
33,3.9,2962,49,100000,0,1,1
10,4.4,67554,79,1000000,0,3,1
32,1.9,105,99,10000,0,1,1
15,4.6,169,13,1000,1,1,1
26,4.1,16420,39,1000000,0,1,1
31,3.8,144,89,10000,0,1,1
12,4.3,855,79,10000,0,3,1
20,3.9,22382,69,1000000,0,1,1
5,4.1,25,22,1000,0,1,1
32,3.7,20,29,5000,0,1,1
15,4.7,325,29,10000,0,3,1
26,4.0,11,29,5000,0,1,1
1,4.1,36639,24,5000000,0,1,1
13,4.5,28,1,10000,0,3,1
7,5.0,3,1,100,0,1,1
21,4.4,38,89,1000,0,1,1
30,4.1,41,98,10000,0,1,1
21,4.4,8,69,100,1,1,1
21,4.4,8,69,100,1,1,1
21,4.2,4559,69,100000,0,1,1
29,4.4,656,29,5000,1,1,1
15,4.6,10979062,89,100000000,0,1,1
15,4.6,10981850,89,100000000,0,1,1
4,4.7,14773,69,500000,0,1,1
12,3.9,65119,49,1000000,0,1,1
25,4.9,7,22,100,0,1,1
12,4.0,345,14,100000,0,1,1
12,4.0,185,29,10000,0,3,1
12,3.5,807,49,500000,0,1,1
15,4.5,114479,29,5000000,0,3,1
15,4.0,127831,29,10000000,0,3,1
30,3.8,67,22,10000,0,1,1
15,4.4,3941129,79,50000000,0,3,1
30,3.4,7816,59,1000000,0,1,1
4,4.6,586,17,100000,0,1,1
12,4.2,268,49,50000,0,1,1
12,5.0,12,22,100,1,1,1
15,4.4,1381820,59,10000000,0,3,1
15,4.4,1381624,59,10000000,0,3,1
19,1.6,242,39,50000,0,1,1
12,1.9,76,14,5000,0,1,1
6,4.4,190,39,10000,0,1,1
12,4.0,785,39,50000,0,3,1
12,4.4,591411,19,10000000,0,3,1
24,4.6,484981,22,10000000,0,1,1
5,4.0,76,29,10000,0,1,1
15,4.3,955656,89,10000000,0,3,1
15,4.3,955614,89,10000000,0,3,1
5,3.5,125,49,10000,0,1,1
12,2.9,2079,59,100000,0,1,1
15,4.2,924,49,100000,0,1,1
15,4.4,661,49,100000,0,1,1
25,4.2,44941,16,1000000,0,1,1
12,3.7,6514,79,500000,0,1,1
30,2.8,11,11,1000,0,1,1
1,4.4,13791,33,1000000,0,1,1
15,4.6,3656,39,100000,0,1,1
15,4.7,295241,39,10000000,0,1,1
15,4.7,295305,39,10000000,0,1,1
15,4.7,295576,39,10000000,0,1,1
9,4.0,3847,69,500000,0,1,1
12,4.1,78142,17,5000000,0,1,1
24,4.2,202,49,10000,0,1,1
14,4.6,438,1,10000,0,1,1
7,4.3,488,22,50000,0,1,1
30,4.4,1774,49,10000,1,1,1
13,4.5,58,22,10000,0,1,1
7,3.9,20829,6,5000000,0,1,1
15,4.7,1732263,79,50000000,0,1,1
12,3.9,5075,49,500000,0,1,1
18,4.5,23,39,5000,0,1,1
21,4.7,25,1,1000,1,1,1
5,4.7,286897,39,10000000,0,1,1
5,4.7,286897,39,10000000,0,1,1
5,4.8,10295,39,100000,1,1,1
5,4.8,10295,39,100000,1,1,1
15,4.2,326042,10,10000000,0,3,1
30,4.2,7935,29,1000000,0,1,1
33,4.3,18194,39,1000000,0,1,1
12,4.6,3063,1,100000,0,1,1
15,4.6,17,49,100,1,3,1
13,4.2,23,95,500,1,1,1
7,3.7,25,39,1000,0,1,1
15,4.5,32344,29,1000000,1,1,1
15,4.3,697805,79,50000000,0,1,1
21,4.2,34,39,1000,0,1,1
30,4.0,593,39,100000,0,1,1
13,4.4,18,39,10000,0,1,1
12,4.7,12,22,100,0,1,1
32,2.9,23,49,5000,0,1,1
21,4.1,698,22,100000,0,1,1
30,4.4,20,22,500,1,1,1
16,4.0,265,49,100000,0,1,1
21,4.3,573,22,100000,0,1,1
12,3.6,5,22,1000,0,2,1
12,4.2,72,22,10000,0,3,1
12,4.2,4,22,100,0,3,1
12,4.3,36,1,5000,0,1,1
17,3.9,1478,59,100000,0,1,1
28,4.1,260,1,10000,0,3,1
15,4.1,41,1,5000,0,1,1
29,4.1,7,39,100,1,1,1
30,3.5,412,22,5000,1,1,1
30,4.3,54207,49,5000000,0,1,1
7,2.3,223,1,5000,1,1,1
12,3.4,79,39,5000,0,1,1
25,2.7,3032,29,500000,0,1,1
30,4.7,147,49,10000,0,1,1
26,4.0,616,16,50000,0,1,1
12,4.5,20101,79,100000,1,3,1
12,4.0,174127,49,5000000,0,3,1
12,4.1,135,49,1000,1,1,1
30,4.6,82,1,500,1,1,1
30,4.0,182,1,10000,0,1,1
17,4.1,2427,59,500000,0,1,1
30,3.4,1555,49,100000,0,1,1
4,4.6,60,39,10000,0,1,1
15,4.4,344819,59,5000000,0,3,1
15,4.5,2431,29,100000,0,3,1
30,4.4,207706,49,10000000,0,1,1
7,3.2,559,69,10000,0,1,1
12,3.9,84,11,10000,0,1,1
4,4.6,1065,1,500000,0,1,1
27,4.7,10,22,500,0,1,1
1,4.8,192,69,10000,0,1,1
17,3.9,6631,59,1000000,0,1,1
17,4.0,515,59,50000,0,1,1
16,4.2,1140,59,500000,0,3,1
12,4.3,19,22,1000,0,3,1
21,4.9,57,69,1000,0,1,1
17,4.0,4465,59,1000000,0,1,1
17,4.0,4450,79,1000000,0,1,1
17,4.0,2382,59,500000,0,1,1
15,4.4,1063,18,50000,0,3,1
13,4.2,17,49,5000,0,1,1
12,4.7,6,22,1000,0,3,1
12,4.1,256,22,100000,0,3,1
32,4.4,32,29,5000,0,1,1
30,3.9,203,22,10000,0,1,1
15,4.4,348962,29,1000000,1,2,1
15,4.3,40,39,5000,0,1,1
13,5.0,12,79,100,0,1,1
4,4.8,123,69,1000,0,1,1
15,4.4,14,69,1000,0,1,1
21,4.1,80,49,5000,1,1,1
21,4.1,80,49,5000,1,1,1
21,4.2,28,22,10000,0,1,1
15,3.3,294,19,10000,0,1,1
4,4.3,1476,49,100000,0,1,1
30,4.3,444,1,100000,0,1,1
5,3.4,9,1,1000,0,1,1
12,3.5,352,39,50000,0,1,1
28,4.6,308,49,10000,0,1,1
12,4.7,27,79,5000,0,1,1
4,3.8,48,1,10000,0,1,1
21,3.8,4,29,1000,0,1,1
12,4.8,138,22,10000,0,1,1
21,3.9,10,39,1000,1,1,1
30,3.9,127,1,50000,0,1,1
19,4.0,22,22,10000,0,1,1
21,4.0,531,22,100000,0,1,1
12,5.0,3,14,50,0,1,1
15,4.2,3816,39,100000,0,3,1
19,5.0,12,1,100,1,3,1
16,4.1,107,59,10000,0,1,1
12,4.4,708,39,50000,0,1,1
12,4.6,124,29,10000,0,1,1
21,3.5,1288,39,100000,0,1,1
12,4.1,623,35,100000,0,1,1
24,4.3,1098,18,50000,0,1,1
12,4.3,7443,39,100000,0,1,1
15,4.2,1878,29,100000,0,3,1
12,4.2,593,49,100000,0,1,1
15,4.2,1012,59,10000,0,3,1
15,4.2,960,18,50000,0,1,1
12,4.1,29387,16,1000000,0,1,1
32,4.0,46,35,5000,0,1,1
12,3.9,1550,29,100000,0,3,1
32,4.4,569,22,50000,0,1,1
21,3.9,22,89,5000,0,1,1
12,4.1,942,35,100000,0,1,1
9,4.5,14206,29,500000,0,1,1
30,3.1,3263,35,1000000,0,1,1
29,4.3,340,15,5000,1,1,1
29,4.0,1338,15,100000,0,1,1
4,4.7,21336,23,1000000,0,1,1
12,3.9,13,12,1000,0,1,1
30,4.0,85659,29,5000000,0,1,1
7,4.2,10965,1,500000,0,1,1
4,3.4,82,22,10000,0,1,1
24,4.4,5,39,50,1,1,1
7,3.8,52,22,1000,0,1,1
5,4.8,8,22,5000,0,1,1
4,4.9,2739,21,50000,0,1,1
25,4.0,5967,17,1000000,0,1,1
12,3.4,1012,12,100000,0,3,1
15,4.3,101762,11,1000000,0,3,1
26,1.9,63,1,5000,0,1,1
29,4.2,6,1,100,1,1,1
5,2.9,28,29,500,1,1,1
12,4.5,96658,29,1000000,0,1,1
26,3.6,4832,22,1000000,0,1,1
12,4.1,3527,39,100000,0,3,1
12,4.3,5442,16,50000,1,3,1
29,3.8,85763,29,1000000,0,1,1
12,4.3,51,59,5000,0,1,1
12,4.0,1542,13,50000,0,1,1
19,4.0,209,35,50000,0,1,1
12,3.6,13,22,1000,0,3,1
12,4.5,663,29,50000,0,1,1
28,4.7,549,17,10000,0,3,1
12,4.0,199808,59,10000000,0,1,1
21,2.5,124,49,10000,0,1,1
32,2.5,24,16,5000,0,1,1
4,4.8,6,1,1000,0,1,1
30,4.0,1,1,100,0,1,1
12,4.1,182103,69,5000000,0,3,1
21,3.8,24,49,1000,0,1,1
27,3.0,2,1,100,0,1,1
16,4.0,4015,79,1000000,0,2,1
32,3.5,13205,49,1000000,0,3,1
24,4.7,127,99,5000,0,1,1
13,3.4,19,29,5000,0,1,1
7,4.5,192,15,10000,0,1,1
12,4.6,166,22,10000,0,1,1
12,4.2,3133,39,500000,0,1,1
30,3.9,56,22,10000,0,1,1
25,4.4,1494491,29,50000000,0,1,1
12,3.7,88,49,10000,0,1,1
15,3.7,38,29,1000,0,1,1
26,3.3,48,59,5000,0,1,1
25,3.9,4726,39,500000,0,1,1
26,3.4,5,11,100,1,1,1
13,4.0,67,22,10000,1,1,1
30,4.5,23,29,5000,0,1,1
30,4.1,27,22,1000,0,1,1
15,3.9,24,69,1000,1,3,1
30,4.2,40,79,1000,0,1,1
9,3.9,1239,1,100000,0,1,1
18,4.2,3945,99,500000,0,1,1
25,4.1,5485,13,1000000,0,1,1
30,4.0,41137,49,1000000,0,1,1
25,4.0,26530,39,1000000,0,1,1
12,3.8,6760,29,500000,0,1,1
26,4.6,84,29,1000,1,2,1
12,3.2,24,49,5000,0,1,1
26,3.5,626,1,100000,0,1,1
30,4.1,6267,1,1000000,0,1,1
21,4.6,66,22,5000,1,1,1
19,3.3,3,79,500,0,1,1
12,4.3,18,1,1000,0,1,1
21,3.7,3,79,500,0,1,1
12,4.1,36151,49,1000000,0,1,1
30,2.1,149,29,50000,0,1,1
12,2.2,54,49,10000,0,1,1
12,5.0,2,22,500,0,1,1
25,5.0,2,79,500,0,1,1
25,4.0,35188,69,1000000,0,1,1
25,4.6,617,12,10000,1,1,1
19,4.0,47,49,1000,0,1,1
24,4.0,30498,59,1000000,0,1,1
5,4.3,24,89,1000,0,1,1
2,4.9,73,29,1000,0,1,1
12,4.8,1506783,89,10000000,0,3,1
5,4.1,7149,11,1000000,0,1,1
5,4.1,7149,11,1000000,0,1,1
31,4.5,149723,49,10000000,0,1,1
20,3.5,106,29,5000,0,1,1
5,4.1,7,12,1000,0,1,1
15,4.3,56496,89,1000000,0,3,1
19,4.7,12,69,500,0,1,1
13,1.0,3,89,500,0,1,1
12,3.7,187,59,10000,0,1,1
1,4.0,591,6,500000,0,1,1
15,4.4,596,49,100000,0,1,1
21,3.6,35,89,10000,0,1,1
25,4.6,26,79,500,0,1,1
26,3.8,1205,49,100000,0,1,1
12,4.0,4607,19,100000,0,1,1
12,4.2,450,59,100000,0,1,1
33,4.7,11118,99,1000000,0,1,1
15,4.6,520962,39,10000000,0,3,1
12,3.9,7,39,1000,0,1,1
29,4.3,83545,29,5000000,0,1,1
15,4.3,275843,49,10000000,0,3,1
8,4.4,172460,1,5000000,0,2,1
29,4.3,989344,59,50000000,0,3,1
29,4.2,140883,59,5000000,0,3,1
21,3.5,214,69,1000,1,1,1
21,3.5,214,69,1000,1,1,1
13,4.6,11066,99,500000,0,1,1
22,4.0,7006,29,1000000,0,1,1
30,3.9,15665,39,5000000,0,1,1
4,4.3,8894,22,100000,0,1,1
30,4.5,85387,59,1000000,0,1,1
16,4.4,70769,39,5000000,0,1,1
16,4.4,70769,39,5000000,0,1,1
16,4.4,70769,39,5000000,0,1,1
12,4.3,10483141,29,500000000,0,1,1
15,4.3,10485308,29,500000000,0,1,1
15,4.3,10485334,29,500000000,0,1,1
15,4.3,10486018,29,500000000,0,1,1
15,4.2,21661,16,1000000,0,1,1
30,4.5,101738,10,1000000,0,1,1
25,4.2,140917,59,10000000,0,1,1
5,4.2,509,39,100000,0,1,1
3,4.3,8572,25,1000000,0,1,1
12,4.3,45579,69,1000000,0,1,1
16,3.4,2256,1,500000,0,1,1
3,4.4,2280,24,500000,0,1,1
5,4.0,2,39,10,0,1,1
5,5.0,1,39,10,0,1,1
12,4.4,761,11,50000,0,1,1
24,4.1,4538,39,1000000,0,1,1
20,4.5,65590,18,5000000,0,1,1
30,4.6,351267,59,10000000,0,1,1
13,3.8,480,15,50000,0,1,1
12,4.8,6696,59,100000,0,1,1
7,4.0,6,49,1000,0,1,1
28,4.4,2349421,39,100000000,0,3,1
12,4.1,75,22,10000,0,1,1
12,4.5,4115,59,100000,0,1,1
13,3.0,62,17,10000,0,1,1
8,3.9,8661,6,1000000,0,2,1
9,4.4,1090,49,1000000,0,1,1
12,4.4,187892,49,5000000,0,1,1
15,4.4,3058687,89,100000000,0,1,1
12,3.8,271,89,50000,0,3,1
3,3.7,3871,23,1000000,0,1,1
7,4.3,41420,19,5000000,0,1,1
15,4.3,1017408,39,10000000,0,3,1
16,4.2,1324,49,100000,0,1,1
16,4.2,1324,49,100000,0,1,1
12,3.5,268,99,10000,0,1,1
9,4.0,304,22,10000,0,1,1
30,4.2,271908,89,10000000,0,1,1
5,3.8,5211,26,1000000,0,1,1
25,4.7,4595,22,100000,0,1,1
12,4.3,598975,39,10000000,0,1,1
30,4.5,70404,49,1000000,0,1,1
30,4.7,963,39,10000,1,1,1
20,4.0,3,49,1000,0,1,1
26,4.3,609182,99,50000000,0,1,1
30,4.7,6505,22,50000,1,1,1
7,4.4,3648765,39,100000000,0,3,1
7,4.4,3648120,1,100000000,0,3,1
7,4.4,3648480,1,100000000,0,3,1
12,4.4,281448,79,10000000,0,1,1
12,3.8,48929,49,5000000,0,1,1
13,4.0,43,13,5000,0,1,1
14,4.1,278,79,50000,0,1,1
25,4.3,21730,19,1000000,0,1,1
25,4.3,194,1,10000,0,1,1
15,4.5,70,69,1000,0,1,1
29,4.5,207,49,10000,0,1,1
24,4.7,202474,35,10000000,0,3,1
12,4.2,13752,29,100000,1,2,1
25,4.3,542561,49,10000000,0,1,1
32,3.3,439,39,50000,0,1,1
25,2.9,333,1,50000,0,1,1
12,4.3,589,39,100000,0,2,1
12,4.5,108130,49,5000000,0,3,1
30,3.2,4908,39,500000,0,1,1
12,4.3,43060,95,5000000,0,1,1
12,4.3,43060,95,5000000,0,1,1
12,4.3,43090,95,5000000,0,1,1
15,4.3,43055,95,5000000,0,1,1
27,4.5,18,99,1000,0,1,1
9,4.6,9321,29,1000000,0,1,1
12,4.4,431,17,10000,0,1,1
12,4.4,16,49,500,0,1,1
24,4.5,3989,1,100000,0,1,1
12,4.7,9856,59,100000,0,1,1
24,4.7,98,39,10000,0,1,1
24,4.8,51,39,5000,0,1,1
7,4.0,142,22,50000,0,1,1
21,4.0,11,1,1000,0,1,1
12,4.5,349,11,50000,0,1,1
12,4.0,16190,89,1000000,0,1,1
22,4.0,3647,59,100000,0,1,1
12,4.1,13731,59,1000000,0,1,1
12,4.3,108,49,5000,0,1,1
12,3.9,1619,79,100000,0,1,1
15,4.0,267,49,10000,1,1,1
15,4.3,3904,59,10000,1,1,1
15,4.2,115176,29,10000000,0,3,1
12,4.5,15924,49,100000,1,3,1
15,4.3,264755,91,10000000,0,3,1
7,3.4,198,29,50000,0,1,1
16,4.5,1886,79,500000,0,1,1
4,4.4,22486,6,1000000,0,3,1
27,3.1,6697,11,500000,0,1,1
19,3.7,33264,18,10000000,0,1,1
12,4.5,76608,29,1000000,0,1,1
12,4.6,2683,29,10000,0,2,1
30,3.4,59,6,10000,0,1,1
29,4.4,1690802,59,50000000,0,1,1
12,4.7,513,99,50000,0,1,1
21,4.5,4027,89,100000,0,1,1
26,4.0,10270,89,1000000,0,1,1
26,4.0,10270,89,1000000,0,1,1
5,3.2,54,79,1000,0,1,1
15,4.3,10806,49,5000000,0,1,1
27,4.3,10355,89,1000000,0,3,1
19,4.3,34327,89,5000000,0,1,1
12,3.8,66033,69,10000000,0,1,1
7,4.1,12578,1,500000,0,1,1
13,4.7,11,22,1000,0,1,1
12,4.4,6190,29,1000000,0,1,1
12,4.4,6190,29,1000000,0,1,1
15,4.6,515657,69,10000000,0,1,1
15,4.6,515240,69,10000000,0,1,1
2,4.9,10479,33,100000,0,1,1
27,3.8,48732,29,10000000,0,1,1
15,4.3,4000433,49,100000000,0,1,1
12,4.7,173394,89,5000000,0,1,1
27,4.2,31519,29,1000000,0,1,1
9,4.4,55256,14,5000000,0,1,1
9,4.4,55256,14,5000000,0,1,1
30,4.5,162335,49,10000000,0,1,1
26,2.6,85,69,5000,0,1,1
12,3.7,56,1,5000,0,1,1
16,3.9,21,22,1000,0,1,1
15,4.1,14283,49,1000000,0,3,1
20,3.3,555,39,50000,0,1,1
30,4.1,225544,89,10000000,0,1,1
30,4.5,12759663,15,100000000,0,1,1
30,4.5,12759815,15,100000000,0,1,1
5,4.1,294,99,10000,0,1,1
21,4.2,1747,59,100000,0,1,1
21,4.2,1747,59,100000,0,1,1
11,4.4,4298,49,100000,0,1,1
12,4.3,259,49,10000,0,1,1
30,4.8,52,6,5000,0,1,1
13,4.1,58,39,10000,0,1,1
3,4.1,9315,6,1000000,0,1,1
15,4.4,47644,15,5000000,0,1,1
19,3.7,6667,22,1000000,0,1,1
9,4.7,19277,59,1000000,0,1,1
5,4.7,11442,6,100000,1,1,1
5,4.7,11442,6,100000,1,1,1
9,4.7,52743,59,1000000,0,1,1
9,4.6,73404,59,1000000,0,1,1
12,4.6,73404,59,1000000,0,1,1
9,4.7,61749,59,1000000,0,1,1
22,4.0,677,49,10000,0,1,1
9,4.3,16195,59,1000000,0,1,1
30,4.2,5,22,100,1,1,1
15,4.4,13079,39,500000,0,1,1
13,4.1,4344,49,500000,0,1,1
21,4.0,3498,69,100000,0,1,1
20,4.6,16094,59,1000000,0,1,1
24,4.1,77724,79,5000000,0,3,1
9,4.6,25183,59,1000000,0,1,1
25,4.1,23440,39,1000000,0,1,1
12,4.4,89947,29,5000000,0,1,1
16,2.2,4,29,1000,0,1,1
5,3.8,17,69,5000,0,1,1
5,4.2,127,1,10000,0,1,1
25,4.3,46242,59,1000000,0,1,1
12,3.7,40678,15,1000000,0,1,1
19,3.5,292,29,50000,0,1,1
19,3.8,17368,14,10000000,0,1,1
26,4.5,1508137,39,100000000,0,1,1
26,4.5,1507205,39,100000000,0,1,1
31,4.3,291,14,10000,0,1,1
12,4.4,3032,39,1000000,0,1,1
13,4.6,4546,35,100000,0,1,1
26,4.6,27,22,1000,0,1,1
4,4.6,7831,15,100000,0,3,1
29,4.4,426,29,5000,1,1,1
4,4.6,218451,49,10000000,0,1,1
25,4.6,819774,29,10000000,0,1,1
25,4.6,819694,29,10000000,0,1,1
17,3.7,2758,89,500000,0,1,1
22,4.3,479594,18,10000000,0,3,1
22,4.5,76677,49,1000000,0,1,1
22,4.5,76616,49,1000000,0,1,1
19,3.2,3031,29,1000000,0,1,1
24,4.7,4856,18,50000,1,1,1
4,4.4,8788,10,1000000,0,1,1
19,3.8,38,49,5000,0,1,1
7,4.0,17998,79,1000000,0,3,1
4,4.4,43088,35,1000000,0,3,1
22,4.7,175110,29,10000000,0,2,1
22,4.7,174827,29,10000000,0,2,1
24,4.3,86481,89,10000000,0,1,1
31,4.2,18294,29,1000000,0,1,1
12,4.3,392596,59,10000000,0,1,1
12,4.3,392596,59,10000000,0,1,1
12,4.3,392819,59,10000000,0,1,1
19,3.4,377,69,100000,0,1,1
16,2.6,13,39,1000,0,1,1
12,4.7,19209,29,100000,1,1,1
15,3.8,1363,29,100000,0,1,1
12,4.5,7812,29,50000,1,1,1
29,4.6,549,29,50000,0,1,1
30,4.6,2246379,59,50000000,0,1,1
20,4.6,7314,79,100000,0,1,1
22,4.3,355921,17,10000000,0,3,1
5,4.5,207372,11,5000000,0,1,1
12,4.0,51,39,1000,0,1,1
12,3.6,9389,69,1000000,0,3,1
12,3.6,783,29,50000,0,3,1
2,4.0,1754,14,500000,0,1,0
14,4.1,1268,22,50000,1,1,0
9,3.5,1405,79,100000,0,1,0
22,4.5,9548,15,1000000,0,1,0
22,4.3,42624,16,1000000,0,1,0
12,4.1,288523,92,10000000,0,1,0
12,4.1,288606,92,10000000,0,1,0
13,4.3,7215,18,1000000,0,1,0
30,4.2,2588,79,100000,0,1,0
25,4.6,847159,49,10000000,0,1,0
25,4.6,847159,49,10000000,0,1,0
25,4.6,847144,49,10000000,0,1,0
12,4.2,69126,69,1000000,0,1,0
9,4.0,2525,1,100000,0,1,0
15,4.1,82827,29,10000000,0,3,0
26,4.1,370,29,500000,0,1,0
19,3.9,386,79,50000,0,1,0
26,4.0,8550,15,1000000,0,1,0
30,4.1,278,29,100000,0,1,0
24,4.7,12089,29,500000,0,1,0
30,4.0,59973,11,10000000,0,1,0
24,4.5,3277209,79,100000000,0,1,0
4,3.9,286,18,10000,0,1,0
12,4.4,80927,29,1000000,0,1,0
30,4.2,26,22,5000,0,1,0
25,2.9,118,29,50000,0,1,0
28,3.9,6450,14,500000,0,2,0
12,4.0,20977,29,1000000,0,1,0
27,4.5,37186,79,1000000,0,1,0
30,4.6,18,49,100,0,1,0
4,4.9,659,59,10000,0,1,0
4,4.8,57400,14,500000,0,1,0
16,2.4,577,39,50000,0,1,0
12,4.5,762706,29,10000000,0,3,0
30,4.3,352097,69,10000000,0,1,0
12,4.8,22290,13,500000,0,1,0
5,4.4,74359,25,1000000,0,1,0
30,4.2,1147,22,100000,0,1,0
9,4.4,390,49,500000,0,1,0
30,4.4,19877,49,1000000,0,1,0
8,2.6,57,1,1000,1,1,0
24,4.7,8642,39,500000,0,1,0
25,4.0,29707,18,1000000,0,1,0
12,4.3,3976,98,100000,0,3,0
28,4.6,33177,10,1000000,0,1,0
19,3.9,2042,35,100000,0,1,0
21,4.7,2570,39,100000,0,1,0
12,4.1,35,35,50000,0,1,0
33,4.6,36900,49,500000,0,1,0
12,4.5,85015,49,1000000,0,1,0
15,4.4,1563,49,50000,0,3,0
25,4.5,267378,6,10000000,0,1,0
12,4.6,281,29,5000,0,1,0
21,4.7,8348,22,500000,0,1,0
21,4.7,8347,22,500000,0,1,0
5,4.3,10600,6,1000000,0,1,0
13,3.2,191,10,10000,0,1,0
32,3.8,19738,39,1000000,0,3,0
15,4.3,245455,89,10000000,0,1,0
8,4.4,35206,1,1000000,0,1,0
8,4.4,35205,1,1000000,0,1,0
26,4.2,86172,13,1000000,0,1,0
15,4.0,29462,49,1000000,0,3,0
15,4.1,88941,39,1000000,0,3,0
12,4.3,2419,69,100000,0,1,0
24,4.4,55525,29,10000000,0,1,0
9,4.6,10611,11,500000,0,1,0
31,4.4,71,29,10000,0,1,0
12,4.6,104676,22,5000000,0,1,0
12,4.2,17786,16,1000000,0,1,0
9,4.5,9770,39,5000000,0,1,0
12,4.5,9779,39,5000000,0,1,0
30,4.6,894435,39,50000000,0,3,0
9,4.7,32346,39,1000000,0,1,0
26,4.8,4,39,100,0,1,0
15,4.3,146,69,10000,0,2,0
30,4.4,51,22,5000,0,1,0
32,3.3,381023,59,10000000,0,1,0
17,4.3,3522,15,100000,0,1,0
13,4.2,883,69,100000,0,1,0
16,4.1,27501,79,1000000,0,1,0
30,3.6,301,22,50000,0,1,0
9,4.4,33646,79,1000000,0,1,0
30,4.1,4234,6,1000000,0,1,0
12,4.0,15489,69,1000000,0,1,0
26,4.2,17415,49,1000000,0,1,0
32,3.8,165723,1,10000000,0,1,0
13,4.6,111254,79,1000000,0,1,0
25,4.4,10525,29,1000000,0,1,0
15,4.3,1300490,79,50000000,0,1,0
15,4.3,1300619,79,50000000,0,1,0
12,4.5,4656,29,100000,1,1,0
32,4.6,921868,49,50000000,0,3,0
12,4.6,834,29,100000,0,1,0
28,4.2,22492,1,1000000,0,1,0
28,4.2,22650,1,1000000,0,1,0
13,4.5,60449,22,1000000,0,1,0
5,4.6,188841,1,5000000,0,1,0
30,4.1,533,1,100000,0,1,0
12,3.8,127229,39,10000000,0,1,0
5,4.5,3972,59,100000,0,3,0
25,4.4,635846,14,50000000,0,1,0
21,4.0,15,59,1000,1,1,0
21,4.0,15,59,1000,1,1,0
20,4.1,54034,59,5000000,0,3,0
12,4.8,97,39,1000,1,1,0
31,4.7,57,79,1000,0,1,0
13,4.7,642,39,10000,0,1,0
18,4.3,332083,69,10000000,0,1,0
12,4.1,11788,69,1000000,0,1,0
22,4.1,20,39,5000,0,1,0
4,4.2,27,39,5000,0,1,0
12,4.2,69,39,10000,0,1,0
12,4.2,31,39,5000,0,1,0
24,4.2,868,39,50000,0,1,0
30,4.2,75,29,10000,0,1,0
5,2.3,41,29,10000,0,1,0
5,4.3,28,39,1000,0,1,0
24,4.3,1419,49,50000,0,1,0
30,4.3,246,29,100000,0,1,0
12,4.4,31,49,1000,0,1,0
12,4.4,2311,99,100000,1,1,0
30,3.5,13,35,1000,0,1,0
24,4.5,43,29,10000,0,1,0
30,3.6,1166,39,100000,0,1,0
15,4.6,260651,59,10000000,0,1,0
15,4.6,1591129,49,50000000,0,1,0
19,4.7,57,59,10000,0,1,0
21,4.7,6,59,100,0,1,0
4,3.9,88,59,10000,0,1,0
4,3.9,46,35,5000,0,1,0
26,3.9,17,22,1000,0,1,0
32,4.9,23,22,100,0,1,0
1,4.0,18,39,1000,0,1,0
12,4.0,97,39,10000,0,1,0
13,5.0,2,22,100,0,1,0
29,5.0,36,22,100,0,1,0
30,5.0,2,39,10,0,1,0
24,4.4,7146,14,1000000,0,1,0
4,4.6,4478,6,100000,0,1,0
24,4.6,5073,29,1000000,0,1,0
8,4.1,11,11,1000,0,2,0
12,3.8,20,59,5000,0,3,0
12,4.8,12,12,1000,0,3,0
12,3.9,70,69,10000,0,3,0
15,4.4,3344,39,500000,0,1,0
20,4.5,6,22,50,0,1,0
32,4.5,1060,39,100000,0,1,0
20,3.6,258,69,50000,0,1,0
12,4.3,65146,22,10000000,0,2,0
12,3.8,410,29,10000,0,3,0
15,4.4,83891,49,10000000,0,1,0
15,4.5,14253,89,1000000,0,1,0
9,4.7,2544,18,100000,0,1,0
12,4.3,109,29,5000,0,1,0
15,4.2,11408,96,1000000,0,3,0
19,3.3,1045,13,100000,0,1,0
32,3.6,12764,29,1000000,0,3,0
10,4.2,23666,39,1000000,0,3,0
30,4.3,3068,69,100000,0,1,0
30,3.2,27,22,5000,0,1,0
4,4.2,459,11,10000,0,1,0
4,3.3,15,12,1000,0,1,0
12,3.3,14,11,1000,0,1,0
15,4.3,6,69,1000,0,1,0
30,4.3,80,1,10000,0,1,0
30,4.3,123,6,5000,0,1,0
15,4.4,3250,29,1000000,0,1,0
23,4.4,39,18,10000,0,1,0
30,4.4,26,39,500,0,1,0
5,4.5,416,69,10000,0,1,0
19,4.5,10097,79,500000,0,1,0
31,4.6,41,22,10000,0,1,0
21,3.8,568,49,50000,0,1,0
5,3.9,10,59,500,0,1,0
15,3.9,404,22,100000,0,1,0
15,3.9,2454,39,500000,0,1,0
12,4.0,5886,59,1000000,0,1,0
12,3.0,606,49,50000,0,1,0
4,4.1,215,39,10000,0,3,0
12,4.1,227,69,10000,0,3,0
15,4.4,12736,59,1000000,0,3,0
7,4.1,55110,49,1000000,0,1,0
7,4.1,55098,1,1000000,0,1,0
30,4.3,297,29,50000,0,1,0
15,4.5,6181640,59,100000000,0,1,0
15,4.4,452589,99,10000000,0,2,0
8,3.0,1146,1,100000,0,2,0
8,3.0,1145,1,100000,0,2,0
30,3.3,6,1,100,1,1,0
31,3.6,57,39,10000,0,1,0
25,4.2,162564,11,10000000,0,1,0
12,3.9,339,49,50000,0,1,0
12,3.3,23682,99,1000000,0,3,0
12,4.1,101,59,1000,0,1,0
6,4.2,21,6,5000,0,1,0
12,4.2,1619,49,500000,0,1,0
12,4.3,193,14,10000,0,1,0
30,3.5,75336,59,1000000,0,1,0
15,4.5,21892,14,1000000,0,1,0
15,4.5,21892,14,1000000,0,1,0
20,4.5,62,1,1000,1,1,0
22,4.5,104,35,10000,0,1,0
30,4.5,2,1,100,0,1,0
15,3.6,153,69,10000,0,1,0
2,4.6,197,6,50000,0,1,0
15,4.6,760628,69,10000000,0,1,0
15,4.6,759838,69,10000000,0,1,0
10,3.8,6979,12,1000000,0,1,0
21,4.8,12,49,100,1,1,0
12,3.9,14,11,1000,0,1,0
24,3.9,2852,59,100000,0,1,0
27,3.9,117,99,10000,0,1,0
12,4.9,107,18,10000,0,1,0
27,5.0,4,1,1000,0,1,0
12,4.1,2248,29,100000,0,3,0
12,4.1,28892,69,5000000,0,3,0
24,4.3,44,39,1000,0,3,0
5,5.0,6,79,500,0,1,0
30,4.1,12,89,100,0,1,0
16,4.3,7895,39,500000,0,1,0
16,4.3,7895,39,500000,0,1,0
26,4.3,52677,29,1000000,0,1,0
13,4.6,13819,39,1000000,0,1,0
15,4.6,1432809,29,10000000,0,2,0
20,3.6,695,29,100000,0,1,0
6,3.3,1476,18,500000,0,3,0
30,4.4,8259,39,1000000,0,1,0
30,4.1,10426,79,1000000,0,1,0
29,2.4,551,90,100000,0,1,0
6,4.4,5968,6,1000000,0,1,0
12,4.4,7,69,500,0,1,0
30,4.4,29,79,10000,0,1,0
24,4.5,4,59,50,0,1,0
5,4.6,17,99,1000,0,1,0
15,3.8,469,89,10000,0,1,0
24,3.9,213,29,10000,0,1,0
26,4.9,42,39,1000,0,1,0
9,4.0,316,29,50000,0,1,0
21,4.0,122,98,10000,0,1,0
19,5.0,7,39,1000,0,1,0
15,3.7,16073,94,500000,0,2,0
12,4.0,1130,79,100000,0,3,0
29,4.1,142,59,100000,0,1,0
26,4.2,43,39,1000,0,1,0
24,3.5,84779,89,5000000,0,1,0
16,3.9,2057,69,50000,1,1,0
13,3.8,103,69,5000,0,1,0
25,4.1,7479,13,1000000,0,1,0
12,4.6,111741,69,5000000,0,3,0
25,4.1,211620,29,10000000,0,1,0
26,4.2,21507,69,1000000,0,1,0
13,4.1,54,59,5000,0,1,0
15,4.1,7279,59,1000000,0,1,0
15,4.1,101,39,10000,0,1,0
4,3.4,37,39,10000,0,1,0
12,4.5,112,39,10000,0,1,0
5,4.6,48,79,1000,0,1,0
12,3.7,6,79,1000,0,1,0
16,2.8,961,1,100000,0,1,0
11,3.8,59,1,5000,0,1,0
23,4.8,190,69,100000,0,1,0
12,4.0,2936,49,500000,0,1,0
25,4.0,1,22,10,1,1,0
30,4.0,114,29,10000,0,1,0
30,5.0,2,39,10,1,1,0
12,4.2,449,59,10000,0,3,0
15,3.9,24697,16,500000,0,3,0
7,4.1,382,22,50000,0,1,0
12,4.3,734,13,10000,0,1,0
19,4.4,13565,39,1000000,0,1,0
13,4.5,4254,39,100000,0,1,0
19,3.6,67,49,5000,0,1,0
29,4.2,798,49,50000,0,1,0
15,4.3,285814,89,10000000,0,3,0
31,4.4,11514,22,500000,0,1,0
19,3.6,346,79,50000,0,1,0
12,4.3,39109,49,1000000,0,1,0
33,4.7,14051,89,100000,1,1,0
13,4.1,1867,49,50000,1,1,0
25,4.1,7118,99,1000000,0,1,0
12,4.2,1357,59,50000,1,1,0
21,4.2,345,14,50000,0,1,0
31,3.3,97,16,10000,0,1,0
15,4.4,2975,49,50000,1,1,0
12,3.5,1380,69,500000,0,1,0
25,4.5,74476,29,10000000,0,1,0
6,4.6,279,1,100000,0,1,0
14,4.7,3803,15,500000,0,1,0
13,3.9,460,69,100000,0,1,0
2,4.3,3574,3,1000000,0,1,0
12,4.0,73185,49,5000000,0,3,0
24,4.7,9,12,100,0,3,0
18,4.0,8671,39,1000000,0,1,0
24,4.4,14832,89,1000000,0,1,0
31,4.0,33782,79,5000000,0,1,0
12,4.1,9019,49,1000000,0,1,0
33,4.5,54090,49,5000000,0,1,0
13,4.7,19784,79,100000,1,1,0
12,4.6,94989,79,5000000,0,3,0
30,4.3,255,1,5000,1,1,0
25,4.1,560,1,10000,0,1,0
12,4.2,1013,59,50000,1,1,0
31,4.3,20,15,1000,0,1,0
12,4.4,150,59,10000,0,1,0
12,4.5,256,39,10000,0,1,0
26,4.6,3362,79,50000,0,1,0
22,1.7,367,69,50000,0,1,0
12,2.8,4635,39,1000000,0,1,0
15,3.7,7885,29,500000,0,2,0
22,4.5,53,59,10000,0,3,0
23,4.6,62386,39,1000000,0,1,0
30,3.9,19758,29,5000000,0,1,0
12,4.6,137198,89,5000000,0,1,0
30,4.3,9716,1,1000000,0,1,0
12,4.1,3003,39,1000000,0,1,0
18,4.1,3781,39,1000000,0,1,0
12,4.3,1853,59,500000,0,1,0
12,4.4,3396,99,50000,1,1,0
12,4.4,3396,99,50000,1,1,0
12,4.4,3397,99,50000,1,1,0
31,3.6,892,79,50000,1,1,0
12,4.6,71,59,500,1,1,0
25,3.8,142,79,10000,0,1,0
13,5.0,2,22,100,0,1,0
11,4.2,811,29,10000,0,1,0
25,4.2,240475,99,10000000,0,1,0
25,4.2,240475,99,10000000,0,1,0
25,4.2,240475,99,10000000,0,1,0
12,3.7,2398,29,500000,0,1,0
30,4.4,2026,79,100000,0,1,0
30,4.6,85,22,1000,1,1,0
12,4.0,3323,49,100000,0,1,0
13,4.4,96,79,10000,0,1,0
12,4.2,1002,49,10000,0,1,0
12,3.8,949,1,50000,0,1,0
5,4.0,1,59,100,0,1,0
13,4.5,625,39,10000,0,1,0
4,3.9,54,29,10000,0,1,0
15,4.1,13304,1,1000000,0,1,0
12,4.5,3776,79,100000,0,1,0
4,4.8,445756,16,10000000,0,1,0
12,4.3,143087,69,1000000,0,1,0
30,4.2,20941,22,1000000,0,1,0
25,4.6,28107,59,500000,1,1,0
12,3.5,35337,79,5000000,0,3,0
23,3.7,9293,22,1000000,0,1,0
23,3.7,4976,29,1000000,0,1,0
12,4.5,11716,49,1000000,0,1,0
15,4.5,10393,18,1000000,0,1,0
15,4.5,10434,18,1000000,0,1,0
15,4.5,10460,18,1000000,0,1,0
15,4.4,2351,69,100000,0,1,0
15,4.6,4304,79,100000,0,1,0
7,4.3,659395,11,100000000,0,1,0
7,4.3,659395,11,100000000,0,1,0
7,4.3,4785892,11,500000000,0,1,0
7,4.3,4785988,11,500000000,0,1,0
7,4.3,4785988,11,500000000,0,1,0
7,4.3,4785892,11,500000000,0,1,0
19,4.5,23966,89,1000000,1,1,0
12,4.4,38,16,100,1,1,0
12,4.5,566,17,50000,0,1,0
22,4.0,4,59,100,0,1,0
30,3.0,19,29,1000,1,1,0
15,4.2,1343866,59,10000000,0,3,0
15,4.2,1343106,59,10000000,0,3,0
30,4.2,37,22,5000,0,1,0
21,3.6,10,15,1000,0,1,0
7,4.0,474,35,50000,0,1,0
12,4.4,30,99,5000,0,1,0
12,4.8,61,29,1000,0,1,0
2,4.0,4,29,100,0,1,0
12,4.3,9,59,500,0,1,0
15,3.8,159063,89,1000000,0,1,0
12,4.1,265,49,10000,1,1,0
12,3.2,32,29,1000,0,1,0
12,3.2,4,89,1000,0,1,0
12,3.2,513,39,100000,0,1,0
19,3.2,5,99,100,0,1,0
4,4.2,27,49,10000,0,1,0
7,4.2,5,15,100,0,1,0
12,4.2,20,1,5000,0,1,0
18,4.2,23859,89,1000000,0,1,0
4,4.3,18,59,1000,0,1,0
12,4.3,159,13,10000,0,1,0
12,4.3,2282,29,500000,0,1,0
28,4.3,1403,39,100000,0,1,0
12,3.4,17,29,1000,0,1,0
7,4.4,14,17,100,0,1,0
11,4.4,16,1,100,0,1,0
12,4.4,14,59,1000,0,1,0
12,4.4,36,29,10000,0,1,0
12,4.4,115,39,10000,0,1,0
24,4.4,7,99,1000,0,1,0
29,4.4,38,22,10000,0,1,0
12,2.6,366,69,50000,0,1,0
19,3.6,30,59,5000,0,1,0
22,3.6,188,99,10000,0,1,0
3,4.6,38,1,10000,0,1,0
4,4.6,1435,6,500000,0,1,0
12,4.6,2533,49,100000,0,1,0
12,4.6,302,99,100000,0,1,0
12,4.6,33,39,100,0,1,0
22,4.6,18,6,100,0,1,0
29,4.6,969,39,10000,0,1,0
31,4.6,14,49,1000,0,1,0
12,3.7,7203,39,1000000,0,1,0
25,3.7,42,11,5000,0,1,0
12,4.7,6,59,1000,0,1,0
17,4.7,126,6,10000,0,1,0
32,4.7,316,29,10000,0,1,0
32,4.7,3,29,500,0,1,0
3,3.8,9,6,5000,0,1,0
12,3.8,10,29,1000,0,1,0
4,4.8,238,29,10000,0,1,0
12,4.8,4,29,1000,0,1,0
12,4.8,4,49,100,0,1,0
12,4.8,65,59,5000,0,1,0
14,4.8,18,39,5000,0,1,0
28,1.9,16,22,1000,0,1,0
19,2.9,41,29,1000,1,1,0
2,3.9,22,97,1000,0,1,0
5,3.9,213,29,1000,0,1,0
12,3.9,12,39,1000,0,1,0
12,3.0,119,39,50000,0,1,0
30,3.0,1298,39,100000,0,1,0
3,4.0,2,39,1000,0,1,0
12,4.0,983,79,100000,0,1,0
22,4.0,33,29,1000,0,1,0
26,4.0,4660,59,1000000,0,1,0
5,5.0,14,39,50,0,1,0
7,5.0,5,39,50,0,1,0
12,5.0,2,12,1000,0,1,0
12,5.0,4,22,100,0,1,0
12,5.0,4,22,500,0,1,0
21,5.0,2,1,500,1,1,0
24,5.0,3,39,50,0,1,0
27,5.0,1,1,10,0,1,0
12,4.2,123136,89,5000000,0,2,0
15,4.6,20,39,100,0,2,0
12,3.1,269,39,50000,0,3,0
15,4.1,5341,89,100000,0,3,0
15,4.5,14,49,100,0,3,0
6,4.6,302,1,10000,0,3,0
19,4.7,25,39,10000,0,3,0
15,3.8,555,49,100000,0,3,0
12,4.8,10,89,1000,0,3,0
28,4.8,5,35,100,0,3,0
11,4.9,69,39,1000,0,3,0
7,5.0,1,29,10,0,3,0
12,5.0,5,89,1000,0,3,0
28,5.0,20,49,10,0,3,0
30,5.0,36,39,100,0,3,0
24,4.7,42,10,5000,0,1,0
24,4.3,2910,22,500000,0,1,0
13,2.4,9,39,1000,0,1,0
24,4.4,10093,59,1000000,0,1,0
24,4.4,6271,59,500000,0,1,0
4,4.6,244,49,100000,0,1,0
19,4.6,10,39,500,0,1,0
1,4.8,253,39,50000,0,1,0
15,4.8,35,35,10000,0,1,0
30,3.0,262,39,10000,0,1,0
13,4.0,26,39,1000,0,1,0
5,3.0,287,99,50000,0,1,0
26,2.9,280,10,50000,0,1,0
21,3.0,315,29,100000,0,1,0
21,3.0,315,29,100000,0,1,0
12,3.3,21735,39,1000000,0,1,0
12,3.6,17,15,1000,0,3,0
12,4.3,3484,59,1000000,0,1,0
12,4.3,12,89,5000,0,1,0
5,2.4,16,59,500,0,1,0
24,4.4,7519,49,500000,0,1,0
32,4.4,22,19,5000,0,1,0
19,4.6,147,99,10000,0,1,0
5,3.7,195,49,10000,0,1,0
13,1.0,2,79,1000,0,1,0
19,5.0,5,39,100,0,1,0
26,3.6,49,22,5000,0,1,0
12,4.9,46253,59,500000,0,1,0
8,3.5,2,17,100,1,2,0
12,4.1,3654,29,100000,0,3,0
12,3.9,55,49,10000,0,3,0
25,2.3,3,89,100,0,1,0
13,4.5,6156,69,500000,0,1,0
12,5.0,3,99,100,0,1,0
15,4.7,171448,13,10000000,0,3,0
19,2.8,3187,11,100000,0,1,0
16,4.8,220125,11,10000000,0,1,0
1,4.4,8788,12,1000000,0,1,0
19,3.3,25,49,1000,0,1,0
1,4.8,41,6,5000,0,1,0
16,4.8,12705,15,1000000,0,1,0
19,4.0,576,79,50000,0,1,0
1,5.0,1,29,100,0,1,0
12,4.4,412,29,10000,1,1,0
15,3.2,655,14,50000,0,3,0
15,4.3,240,69,50000,0,3,0
25,3.1,133,22,10000,0,1,0
26,4.7,5867,49,100000,0,1,0
30,3.3,47,18,5000,0,1,0
30,3.8,434,18,50000,0,1,0
30,3.9,114,18,5000,0,1,0
12,4.2,41693,79,1000000,0,1,0
12,3.1,1734,59,500000,0,1,0
7,4.1,2063,49,100000,0,1,0
25,4.2,2158,35,500000,0,1,0
12,3.5,174,59,50000,0,1,0
4,4.6,33,39,1000,0,1,0
12,2.9,691,59,100000,0,1,0
12,3.9,169,79,10000,0,1,0
12,3.9,1615,1,10000,1,1,0
12,3.0,1691,59,500000,0,1,0
15,3.8,489,39,10000,0,1,0
15,4.5,514,59,5000,1,3,0
13,2.9,26,39,1000,0,1,0
12,3.1,1073,59,100000,0,1,0
12,4.1,133,49,10000,0,1,0
12,4.2,256916,29,10000000,0,1,0
30,4.2,2803,1,100000,0,1,0
5,4.3,236,79,50000,0,1,0
15,4.5,804,29,10000,0,1,0
26,3.7,7389,49,500000,0,1,0
12,4.7,15,59,1000,0,1,0
24,4.7,29485,99,1000000,0,1,0
15,4.6,4108,13,10000,1,1,0
13,4.2,798,29,50000,0,1,0
12,4.2,1661,69,10000,1,1,0
13,2.3,251,59,50000,0,1,0
12,4.5,2576,49,10000,1,1,0
30,4.5,112482,22,5000000,0,1,0
25,3.9,205,22,50000,0,1,0
26,5.0,2,1,10,1,1,0
12,4.1,1407,39,100000,0,1,0
8,3.8,24,19,1000,0,2,0
7,4.1,901,39,100000,0,3,0
15,4.7,416,16,10000,1,3,0
20,4.2,63,1,10000,0,1,0
4,3.3,7993,59,1000000,0,1,0
30,4.3,123,29,10000,0,1,0
30,4.3,534,35,100000,0,1,0
12,4.4,93870,79,1000000,0,1,0
12,4.4,23302,12,5000000,0,1,0
12,3.6,35121,59,5000000,0,1,0
15,4.4,201426,89,5000000,0,3,0
15,4.3,121612,59,1000000,0,3,0
19,3.8,52,10,10000,0,1,0
12,3.9,10114,49,100000,0,1,0
13,3.4,5,89,500,0,1,0
15,4.5,559,39,100000,0,1,0
26,3.1,19,49,500,1,1,0
12,3.2,9126,59,1000000,0,1,0
32,4.2,1008,1,100000,0,1,0
12,3.5,14145,59,1000000,0,1,0
12,4.5,2062,49,500000,0,1,0
15,4.6,144,69,1000,1,1,0
24,4.7,23802,16,100000,1,1,0
12,5.0,10,35,10000,0,1,0
15,4.3,144040,29,5000000,0,3,0
5,4.9,27,69,100,0,1,0
15,4.6,260527,49,10000000,0,1,0
15,3.4,32,29,1000,1,1,0
18,4.5,929,79,50000,0,1,0
4,4.4,283,59,10000,0,1,0
25,4.1,283,79,100000,0,1,0
15,4.3,391325,49,10000000,0,1,0
24,4.4,18918,12,5000000,0,1,0
25,3.9,38055,49,5000000,0,1,0
21,3.8,206,99,10000,1,1,0
21,3.8,206,99,10000,1,1,0
13,4.6,69973,39,1000000,0,1,0
15,4.1,341,29,50000,0,3,0
15,4.4,16601,59,500000,0,3,0
15,4.4,3039889,18,10000000,0,2,1
29,4.6,1641,69,10000,0,1,1
13,4.3,12,99,1000,0,1,1
15,4.3,213340,29,10000000,0,1,1
26,4.5,57449,59,1000000,0,1,1
20,3.9,139,22,10000,0,1,1
16,4.7,55571,12,1000000,0,1,1
5,4.3,542,39,100000,0,1,1
12,4.5,4218587,22,50000000,0,1,1
3,4.5,45452,99,5000000,0,1,1
12,4.1,23609,39,1000000,0,3,1
7,4.4,27540,6,1000000,0,1,1
2,3.5,12,19,5000,0,1,1
15,4.6,15829,95,1000000,0,1,1
12,3.2,12,13,1000,0,1,1
5,4.2,831,11,50000,0,1,1
22,4.5,1440,12,100000,0,1,1
15,4.1,349503,19,10000000,0,1,1
25,4.5,12572,89,1000000,0,1,1
30,4.2,428581,49,10000000,0,1,1
12,4.2,19720,49,1000000,0,1,1
2,4.6,2431,6,100000,0,1,1
26,4.0,499,49,10000,0,1,1
19,4.0,5208,49,100000,0,3,1
15,4.5,1135631,59,50000000,0,3,1
15,4.5,1137271,59,50000000,0,3,1
15,4.5,1137267,59,50000000,0,3,1
15,4.5,1138239,59,50000000,0,3,1
15,4.5,1128805,59,50000000,0,3,1
25,4.0,35724,99,1000000,0,1,1
25,4.0,35725,99,1000000,0,1,1
26,4.0,11535,69,1000000,0,1,1
30,4.3,191621,69,10000000,0,1,1
12,4.0,42,12,1000,0,1,1
15,4.3,8118609,69,500000000,0,1,1
15,4.3,8118937,69,500000000,0,1,1
15,4.3,8118937,69,500000000,0,1,1
15,4.3,8119151,69,500000000,0,1,1
15,4.3,8119154,69,500000000,0,1,1
15,4.3,8116142,69,500000000,0,1,1
12,3.4,12,11,1000,0,1,1
30,4.5,465831,89,10000000,0,1,1
25,4.5,1376,59,100000,1,1,1
5,2.1,87,29,5000,0,1,1
17,4.2,809,79,100000,0,1,1
18,4.7,48,69,1000,0,1,1
2,4.8,7021,17,500000,0,1,1
24,4.5,67707,49,1000000,0,1,1
7,4.6,1130966,29,10000000,0,1,1
9,4.7,314299,39,10000000,0,1,1
9,4.7,314300,39,10000000,0,1,1
31,4.2,556,49,50000,0,1,1
12,4.1,47576,14,1000000,0,1,1
12,4.3,3725,69,100000,1,1,1
19,4.1,3309,13,500000,0,1,1
27,3.0,4,1,1000,0,1,1
26,3.6,26,1,5000,0,1,1
26,4.5,107,1,50000,0,1,1
29,4.5,107724,69,5000000,0,1,1
15,4.2,88901,79,10000000,0,3,1
15,4.5,23599,96,100000,0,3,1
7,4.5,17712922,40,500000000,0,3,1
7,4.5,17714850,40,500000000,0,3,1
7,4.5,17712922,49,500000000,0,3,1
4,4.5,527,3,100000,0,1,1
16,4.5,19074,49,1000000,0,1,1
12,4.3,158,22,10000,0,1,1
26,4.2,25427,99,1000000,0,1,1
15,3.1,50,79,10000,0,1,1
7,4.1,141,99,50000,0,1,1
19,4.1,23453,10,1000000,0,1,1
32,4.1,64,22,5000,0,1,1
24,4.2,33,89,500,1,1,1
30,3.3,16,1,10000,0,1,1
12,4.3,979,99,100000,0,1,1
15,3.4,2218,11,500000,0,1,1
21,4.4,7,89,1000,0,1,1
12,4.5,7050,29,1000000,0,1,1
31,3.6,114,10,10000,0,1,1
11,4.6,731,11,50000,0,1,1
32,4.6,148715,39,10000000,0,1,1
25,4.7,37,10,1000,0,1,1
12,3.8,762,49,100000,0,1,1
21,4.0,36,39,10000,0,1,1
12,5.0,8,39,500,0,1,1
21,5.0,5,17,1000,0,1,1
21,5.0,1,49,5,0,1,1
15,4.0,254518,22,10000000,0,2,1
14,4.6,556,29,100000,0,3,1
28,5.0,3,22,50,0,3,1
30,4.1,843,39,100000,0,1,1
31,4.1,46,12,1000,0,1,1
12,3.3,130,13,5000,0,1,1
3,4.3,601,35,100000,0,1,1
30,4.5,5174,49,100000,0,1,1
27,4.7,3,59,500,0,1,1
12,3.9,536,10,10000,0,1,1
6,3.4,291,13,10000,0,1,1
25,4.2,477831,59,10000000,0,1,1
30,1.0,2,49,500,0,1,1
21,3.4,51,22,1000,1,1,1
21,3.4,51,22,1000,1,1,1
15,4.4,306,69,10000,0,1,1
13,4.4,21570,29,1000000,0,1,1
19,3.9,987,49,10000,0,1,1
19,3.9,987,49,10000,0,1,1
25,4.6,126337,99,1000000,0,1,1
25,4.6,126338,99,1000000,0,1,1
21,4.2,1135,12,100000,1,1,1
21,4.2,1135,12,100000,1,1,1
30,4.2,7851,39,1000000,0,1,1
30,4.3,940,39,100000,0,1,1
4,4.4,52,22,1000,0,1,1
12,3.7,353342,13,50000000,0,1,1
7,4.6,71740,59,5000000,0,1,1
13,3.1,72,22,10000,0,1,1
30,4.2,91186,69,5000000,0,1,1
20,3.9,4569,79,500000,0,1,1
29,4.6,315,49,1000,1,1,1
12,3.2,1354,39,100000,0,1,1
15,4.1,71476,59,1000000,0,1,1
23,3.8,3614,39,1000000,0,1,1
2,4.0,1288,6,100000,0,1,1
21,4.0,3803,16,100000,0,1,1
21,4.3,267,22,50000,0,1,1
26,4.2,2537,89,500000,0,1,1
22,4.1,905,49,50000,0,1,1
4,4.0,459,39,50000,0,1,1
1,4.5,5035,11,100000,0,1,1
15,4.4,2440877,39,10000000,0,3,1
26,4.4,688,49,50000,0,1,1
30,4.2,184,1,10000,0,1,1
9,4.5,342918,89,10000000,0,1,1
20,4.1,204,11,10000,0,1,1
12,3.9,174423,79,10000000,0,1,1
5,4.5,234,39,10000,0,1,1
30,4.0,2055,22,100000,0,1,1
9,4.1,2363,69,100000,0,1,1
12,4.0,1419,12,100000,0,1,1
12,3.6,226,29,50000,0,1,1
17,4.3,4435,79,500000,0,1,1
17,4.3,4435,79,500000,0,1,1
26,4.4,72161,49,1000000,0,1,1
26,4.4,69,39,1000,0,1,1
19,2.8,48,12,5000,0,1,1
30,4.6,16936,59,1000000,0,1,1
30,4.5,4228,69,500000,0,1,1
26,4.4,936,59,50000,1,1,1
27,3.6,38,1,10000,0,1,1
27,3.7,668,1,100000,0,1,1
7,4.8,237468,8,1000000,0,1,1
7,4.0,74497,59,5000000,0,1,1
29,4.2,4330,69,100000,0,1,1
12,4.3,445,29,50000,0,1,1
12,4.4,8,69,500,0,1,1
12,4.5,97,22,10000,0,1,1
22,4.5,171,49,10000,0,1,1
12,4.6,166,49,5000,0,1,1
12,3.0,2,39,100,0,1,1
26,3.5,3930,18,1000000,0,1,1
19,4.7,113,29,1000,0,1,1
8,4.2,2506,1,500000,0,2,1
30,4.4,4847,39,100000,0,1,1
12,4.0,17543,19,5000000,0,1,1
30,4.0,9,39,1000,0,1,1
20,4.2,3596,39,1000000,0,1,1
12,3.8,484226,29,50000000,0,3,1
8,4.2,63986,20,5000000,0,2,1
26,4.7,253155,39,5000000,0,1,1
30,4.2,2058,22,100000,0,1,1
19,3.1,777,14,50000,0,1,1
26,3.9,162,59,10000,0,1,1
13,4.0,732,59,50000,0,1,1
30,4.2,32,39,10000,0,1,1
7,4.2,83239,14,5000000,0,1,1
7,4.2,83239,14,5000000,0,1,1
15,4.0,263907,69,10000000,0,1,1
13,2.9,139,39,10000,0,1,1
12,4.5,244039,49,5000000,0,1,1
4,4.2,210534,29,10000000,0,1,1
7,4.3,72065,13,1000000,0,1,1
13,3.5,100,11,10000,0,1,1
21,2.9,92,1,10000,0,1,1
32,3.3,30,15,5000,0,1,1
13,4.1,31804,99,5000000,0,1,1
27,4.2,39735,18,5000000,0,3,1
27,4.2,39735,18,5000000,0,3,1
27,4.2,39735,18,5000000,0,3,1
12,3.8,29544,10,10000000,0,1,1
15,4.3,2903386,59,100000000,0,2,1
12,4.1,15246,79,1000000,0,1,1
31,3.8,80,39,10000,0,1,1
12,4.6,1553,99,100000,0,1,1
12,4.7,7252,99,500000,0,1,1
24,4.3,5413,39,1000000,0,1,1
12,5.0,1,96,10,1,2,1
25,4.0,130081,59,10000000,0,1,1
25,4.0,130063,59,10000000,0,1,1
31,3.4,595,29,100000,0,1,1
26,4.2,37204,19,1000000,0,1,1
30,4.3,146913,29,100000000,0,1,1
16,4.8,10,49,10,0,1,1
12,4.2,56259,29,10000000,0,1,1
30,4.4,13,1,100,0,1,1
24,3.6,128,11,10000,0,1,1
12,4.2,582,39,100000,0,3,1
12,4.1,1998,99,100000,0,1,1
29,4.3,14123,13,500000,0,1,1
25,4.4,70189,13,5000000,0,3,1
25,4.4,70189,13,5000000,0,3,1
25,4.2,197295,29,10000000,0,1,1
22,4.6,66384,19,1000000,0,3,1
22,4.6,66407,19,1000000,0,3,1
5,4.4,31614,37,10000000,0,1,1
5,4.4,31614,37,10000000,0,1,1
26,4.6,5383985,16,100000000,0,1,1
26,4.6,5383971,16,100000000,0,1,1
26,4.6,5378795,16,100000000,0,1,1
30,4.4,16192,1,1000000,0,1,1
24,4.3,71829,89,5000000,0,1,1
15,4.3,2251012,59,100000000,0,1,1
12,4.6,22165,69,1000000,0,1,1
29,3.7,818,59,100000,0,1,1
30,4.6,20418,49,1000000,0,1,1
7,4.0,13469,59,1000000,0,1,1
20,4.3,70556,29,10000000,0,1,1
30,4.5,13479633,14,100000000,0,1,1
28,4.3,231325,59,10000000,0,1,1
28,4.3,231446,59,10000000,0,1,1
16,4.5,126017,49,5000000,0,1,1
24,4.5,29203,39,5000000,0,1,1
24,4.1,12008,69,1000000,0,1,1
30,4.1,10786,49,1000000,0,1,1
12,4.3,21,22,1000,0,1,1
21,4.3,16,49,1000,0,1,1
13,3.8,472,89,50000,0,1,1
33,4.4,8433,59,100000,0,1,1
12,5.0,3,29,500,0,1,1
30,4.2,513,22,50000,0,1,1
4,4.1,85842,37,5000000,0,1,1
4,4.1,85842,39,5000000,0,1,1
20,4.3,21589,59,1000000,0,1,1
7,4.6,2265084,69,50000000,0,1,1
7,4.6,2264916,1,50000000,0,1,1
16,4.4,400592,29,10000000,0,1,1
20,4.2,12572,29,1000000,0,1,1
12,4.7,38,59,500,0,1,1
7,4.2,15880,32,1000000,0,1,1
21,4.2,45,14,1000,1,1,1
3,4.5,36,6,10000,0,1,1
12,4.5,65,29,10000,0,1,1
30,3.9,627,49,10000,0,1,1
30,4.1,88675,99,5000000,0,1,1
15,3.7,11,49,5000,0,1,1
15,3.9,20,49,10000,0,1,1
15,4.4,17,49,500,1,1,1
15,1.0,1,49,1000,0,1,1
25,4.3,28578,29,10000000,0,1,1
30,4.5,8190074,17,100000000,0,1,1
7,4.3,1133539,49,10000000,0,1,1
7,4.3,1133501,6,10000000,0,1,1
12,4.5,7881,59,500000,0,1,1
15,4.0,209,29,10000,0,3,1
20,4.4,104800,29,10000000,0,1,1
27,3.3,9189,98,1000000,0,3,1
20,4.2,207440,69,10000000,0,1,1
7,4.4,2876500,24,100000000,0,1,1
31,4.2,6762,89,1000000,0,1,1
19,4.6,51357,89,5000000,0,1,1
16,4.8,31665,89,1000000,0,1,1
5,3.1,20973,39,5000000,0,1,1
31,3.9,13275,79,1000000,0,1,1
19,4.0,140995,22,10000000,0,1,1
4,3.5,11,15,1000,0,1,1
27,3.6,48,22,5000,0,1,1
27,4.0,119,1,10000,0,1,1
27,4.7,13,1,500,0,1,1
32,4.4,8,14,1000,0,1,1
30,4.0,26189,59,10000000,0,1,1
30,4.2,4010,89,500000,0,1,1
12,4.0,179,14,50000,1,1,1
26,4.7,81614,69,500000,1,1,1
26,4.7,315,14,10000,0,1,1
30,2.4,99,79,10000,0,1,1
16,2.6,219,1,50000,0,1,1
30,3.6,126,11,10000,0,1,1
30,3.7,50,19,5000,0,1,1
12,3.8,125,17,10000,0,1,1
30,3.6,11187,79,1000000,0,1,1
17,3.7,2248,15,100000,0,1,1
30,4.2,68309,22,1000000,0,1,1
30,2.5,362,79,100000,0,1,1
15,4.7,96028,59,1000000,0,3,1
7,4.3,192948,6,10000000,0,1,1
7,4.0,36901,6,5000000,0,1,1
12,4.5,2442,13,100000,0,1,1
14,3.8,3320,89,500000,0,1,1
7,4.2,15287,17,1000000,0,1,1
15,4.4,208501,59,1000000,0,3,1
15,4.5,16815,59,1000000,0,3,1
30,4.5,78629,69,1000000,0,1,1
15,3.9,85278,29,1000000,0,2,1
4,4.7,28237,10,100000,0,1,1
26,4.7,167406,18,1000000,0,1,1
24,4.1,51145,69,10000000,0,1,1
24,4.2,7435,69,1000000,0,1,1
12,4.3,323,39,10000,0,1,1
24,3.6,53,22,5000,0,1,1
30,3.1,364,22,100000,0,1,1
13,4.1,129,29,1000,1,3,1
12,3.6,21095,79,1000000,0,1,1
12,4.6,32,69,10000,0,1,1
15,3.8,10,39,1000,0,2,1
12,4.6,3106,39,10000,0,1,1
21,4.7,125,29,10000,0,1,1
30,3.5,315,89,100000,0,1,1
16,4.1,2681,69,500000,0,1,1
10,4.3,64448,49,1000000,0,2,1
29,4.1,5015,59,100000,0,1,1
13,3.5,256,29,10000,0,1,1
17,4.0,4281,29,100000,0,1,1
20,4.6,10,29,100,0,1,1
12,3.8,5,12,1000,0,1,1
8,4.1,97699,79,1000000,0,2,1
8,4.1,97684,7,1000000,0,2,1
12,4.7,84389,49,1000000,0,1,1
12,4.8,51068,59,100000,1,3,1
28,4.1,34079,1,1000000,0,3,1
20,4.4,75,29,5000,0,1,1
8,4.4,41605,1,500000,0,2,1
7,4.2,88427,1,5000000,0,1,1
7,3.4,7,69,1000,0,1,1
5,4.0,8941,12,5000000,0,1,1
5,4.6,20,15,1000,0,1,1
15,4.5,264282,49,10000000,0,3,1
13,4.3,323,17,10000,0,1,1
13,4.3,231,18,10000,0,1,1
15,4.3,11051,49,1000000,0,3,1
26,4.0,8985,59,1000000,0,1,1
15,4.3,2151039,79,50000000,0,3,1
13,4.0,253,29,10000,0,1,1
30,4.6,2674051,29,50000000,0,1,1
13,3.6,48,29,5000,0,1,1
13,4.5,159,14,1000,0,1,1
3,4.1,66,2,10000,0,1,1
12,4.5,5591653,95,50000000,0,1,1
7,4.2,21,89,5000,0,1,1
15,3.4,29265,17,1000000,0,1,1
15,4.5,1692,39,10000,1,1,1
3,3.9,2277,22,500000,0,1,1
25,4.2,165224,15,10000000,0,1,1
15,4.3,128367,59,1000000,0,1,1
12,3.4,267,1,10000,0,1,1
16,3.4,2105,89,100000,0,1,1
32,2.2,32,39,5000,0,1,1
21,4.5,30,49,1000,0,1,1
30,4.5,273283,29,5000000,0,1,1
19,2.8,1189,18,100000,0,1,1
15,4.3,2468063,92,50000000,0,3,1
15,4.3,2468915,92,50000000,0,3,1
12,4.6,5395,59,500000,0,1,1
20,4.6,2681,69,100000,0,1,1
21,4.7,11,22,500,1,1,1
30,3.6,3642,29,100000,0,1,1
14,4.0,1077,17,100000,0,1,1
12,4.6,2354042,79,50000000,0,1,1
12,4.1,7046,89,500000,0,1,1
31,4.5,103,99,1000,0,1,1
16,4.6,109756,79,5000000,0,1,1
6,3.7,705,29,50000,0,3,1
30,4.8,24,49,5000,0,1,1
12,4.5,75719,39,5000000,0,1,1
12,3.6,1185,39,100000,0,1,1
27,4.6,308234,39,10000000,0,1,1
22,3.1,735,69,500000,0,1,1
6,3.2,93965,15,5000000,0,3,1
30,3.2,11,39,1000,0,1,1
25,4.4,1163232,39,50000000,0,1,1
15,4.5,26744,59,500000,0,3,1
29,4.1,585564,39,10000000,0,1,1
12,4.1,89,39,5000,1,1,1
12,4.0,3745,39,1000000,0,1,1
7,4.2,104990,10,5000000,0,1,1
24,4.8,557,79,10000,1,1,1
31,5.0,6,22,500,0,1,1
12,3.9,53301,79,10000000,0,1,1
29,5.0,7,69,100,0,1,1
17,3.8,491,15,100000,0,1,1
29,4.9,15883,29,100000,0,1,1
13,4.0,48445,10,5000000,0,1,1
27,4.5,245104,39,5000000,0,1,1
31,4.4,6012,89,500000,0,1,1
12,4.4,48451,59,1000000,0,3,1
12,4.6,73,12,1000,1,1,1
12,4.6,73,12,1000,1,1,1
15,4.5,396090,29,10000000,0,3,1
20,4.6,796,29,50000,0,1,1
15,4.2,62636,17,1000000,0,3,1
12,4.4,9443,29,100000,0,3,1
15,4.5,3197865,89,100000000,0,1,1
15,4.5,3198176,89,100000000,0,1,1
12,4.2,233588,79,5000000,0,3,1
13,4.4,58,39,10000,0,1,1
5,4.7,4162,6,100000,0,1,1
27,4.2,16966,39,1000000,0,1,1
12,4.5,29495,59,1000000,0,3,1
21,3.4,1838,29,100000,0,1,1
19,4.4,101957,89,5000000,0,1,1
15,4.1,650114,89,10000000,0,3,1
5,4.3,29313,20,5000000,0,1,1
5,4.3,29313,20,5000000,0,1,1
5,4.3,29331,29,5000000,0,1,1
27,4.2,2099,49,100000,0,1,1
29,4.3,7107,39,100000,0,1,1
30,1.9,8,69,1000,0,1,1
27,3.7,23,89,5000,0,1,1
15,4.7,155694,92,1000000,0,3,1
12,5.0,100,10,1000,0,1,1
28,4.6,271445,99,5000000,0,1,1
28,4.6,273244,99,5000000,0,1,1
30,3.5,21592,29,10000000,0,1,1
12,3.1,306,29,50000,0,1,1
26,4.1,22,22,5000,0,1,1
12,4.2,1484,49,100000,0,1,1
15,4.3,21107,95,100000,0,1,1
13,4.4,92,1,10000,0,1,1
15,4.7,705,1,10000,0,1,1
15,4.5,655067,79,10000000,0,3,1
15,4.5,655145,79,10000000,0,3,1
15,4.5,1418,29,10000,0,3,1
22,4.2,21147,99,5000000,0,3,1
19,4.7,2225,15,100000,0,1,1
12,4.3,556929,59,10000000,0,3,1
19,4.3,258717,99,10000000,0,1,1
30,4.4,6801,29,500000,0,1,1
15,4.5,49971,69,5000000,0,1,1
26,4.3,37277,13,1000000,0,1,1
6,4.1,12088,21,1000000,0,2,1
30,4.6,436615,10,10000000,0,1,1
25,4.3,4865093,59,100000000,0,1,1
25,4.3,4865107,59,100000000,0,1,1
25,4.3,4865132,59,100000000,0,1,1
21,4.7,26862,39,500000,0,1,1
12,4.5,516,29,50000,0,1,1
12,4.6,18893,91,100000,0,1,1
20,4.3,26014,79,1000000,0,1,1
15,4.5,531458,22,5000000,0,1,1
31,4.7,192641,39,5000000,0,1,1
31,4.7,193364,39,5000000,0,1,1
19,4.3,9412,1,1000000,0,1,1
29,4.4,129409,79,1000000,1,1,1
25,4.5,859,29,100000,0,1,1
12,4.3,4624,79,100000,0,1,1
16,4.4,26540,49,1000000,0,1,1
16,4.4,26540,49,1000000,0,1,1
3,3.9,4354,49,100000,0,3,1
20,4.7,4501,29,100000,0,3,1
16,4.5,121838,15,5000000,0,1,1
7,4.3,37320,6,1000000,0,1,1
32,4.4,259605,39,10000000,0,1,1
15,4.5,401425,79,10000000,0,1,1
15,4.5,401648,79,10000000,0,1,1
24,4.6,89,11,5000,1,1,1
28,4.4,54768,22,5000000,0,1,1
23,4.4,11501,11,1000000,0,1,1
24,4.1,62209,79,10000000,0,1,1
14,4.4,467,79,100000,0,1,1
15,4.5,26985,49,5000000,0,1,1
2,4.6,534,6,10000,0,1,1
5,4.3,740,19,50000,0,1,1
12,4.6,513,1,10000,0,1,1
30,2.8,54,29,5000,0,1,1
27,3.9,671,39,100000,0,1,1
12,3.9,53,79,5000,0,1,1
8,4.1,17268,40,500000,0,2,1
8,4.1,17268,40,500000,0,2,1
25,3.4,30,35,10000,0,1,1
5,4.6,4159,48,500000,0,1,1
5,4.6,4159,48,500000,0,1,1
15,4.5,4487182,59,50000000,0,3,1
12,4.7,1327,49,10000,0,1,1
12,3.8,168,29,10000,0,1,1
20,4.4,18710,49,1000000,0,1,1
29,4.4,232423,39,5000000,0,1,1
16,4.6,71269,49,1000000,0,1,1
16,4.6,71266,49,1000000,0,1,1
32,3.1,167,22,1000,1,1,1
12,4.6,11,17,1000,0,1,1
15,4.6,291941,90,10000000,0,1,1
12,3.8,589,29,100000,0,1,1
12,4.6,19170,79,1000000,0,1,1
15,4.4,257724,69,10000000,0,1,1
12,4.3,41,79,1000,1,1,1
28,4.5,787,69,100000,0,1,1
26,3.2,6752,39,1000000,0,1,1
12,4.2,246705,29,1000000,0,3,1
25,4.1,78140,10,5000000,0,1,1
21,3.4,77,99,5000,1,1,1
30,4.6,85496,59,1000000,0,1,1
12,4.5,166886,29,10000000,0,1,1
12,4.3,1018,39,100000,0,1,1
16,3.5,217,99,50000,0,3,1
16,3.5,217,99,50000,0,3,1
15,4.5,461137,69,10000000,0,1,1
15,4.5,462614,69,10000000,0,1,1
22,4.3,978,29,100000,0,1,1
9,4.2,3241,16,100000,0,1,1
21,4.0,1545,79,100000,0,1,1
3,4.2,62,1,10000,0,1,1
15,4.4,9305,14,1000000,0,1,1
15,4.6,14989,79,500000,0,3,1
8,4.1,236,8,10000,0,2,1
12,4.5,944661,59,50000000,0,1,1
15,4.5,946926,59,50000000,0,1,1
15,4.5,946926,59,50000000,0,1,1
15,4.6,280098,59,10000000,0,1,1
31,3.9,442,22,50000,0,1,1
19,5.0,3,49,100,0,1,1
15,3.8,2102,49,100000,0,1,1
21,4.1,1533,49,50000,1,2,1
21,4.1,1533,49,50000,1,2,1
30,4.3,19234,14,500000,0,1,1
9,4.3,47847,29,1000000,0,1,1
30,4.1,25438,39,1000000,0,1,1
16,4.6,623,49,50000,0,1,1
15,4.5,240416,59,5000000,0,1,1
27,4.6,8175,39,100000,0,1,1
12,3.9,3720,11,1000000,0,1,1
30,4.2,5,39,500,0,1,1
16,4.3,26652,49,1000000,0,1,1
6,4.4,1006,19,50000,0,1,1
20,3.5,18857,79,1000000,0,1,1
15,4.3,29270,49,5000000,0,1,1
29,3.8,35746,59,5000000,0,1,1
21,4.4,3786,29,50000,0,1,1
25,4.2,215343,49,10000000,0,1,1
26,3.1,67,89,10000,0,1,1
19,4.3,179139,99,5000000,0,1,1
26,4.0,4,89,500,0,1,1
19,4.5,3346,14,100000,0,3,1
20,4.2,11838,99,1000000,0,1,1
10,4.2,10291,69,5000000,0,3,1
31,4.7,620534,99,10000000,0,1,1
12,4.5,630,89,10000,1,1,1
12,3.9,2371,89,500000,0,1,1
27,4.1,367290,11,10000000,0,1,1
29,4.0,11085,69,1000000,0,1,1
33,4.5,3005,29,10000,1,1,1
26,4.5,41624,39,1000000,0,1,1
1,4.7,87510,6,5000000,0,1,1
9,4.8,256079,79,1000000,0,3,1
28,4.6,22098,18,1000000,0,1,1
12,4.4,344383,39,10000000,0,1,1
15,4.3,1776,29,50000,0,1,1
31,4.1,134,59,10000,0,1,1
31,4.0,305,59,10000,0,1,1
25,4.5,41331,59,5000000,0,1,1
12,4.8,17,29,100,1,2,1
21,4.4,1361,39,50000,1,1,1
15,4.3,18985,29,5000000,0,1,1
12,4.2,306652,69,10000000,0,1,1
27,4.1,110425,29,10000000,0,1,1
19,4.1,1213,13,100000,0,1,1
19,4.4,133,13,10000,0,1,1
28,4.3,241,79,10000,0,3,1
26,4.7,10,79,1000,0,1,1
16,4.1,18539,59,1000000,0,1,1
16,4.1,18539,59,1000000,0,1,1
25,3.4,181,10,10000,0,1,1
20,3.4,14,69,1000,0,1,1
25,4.5,16,14,1000,0,3,1
1,4.3,194216,39,5000000,0,1,1
4,4.5,14,39,1000,0,1,1
15,4.3,30002,29,1000000,0,3,1
12,4.6,807155,93,10000000,0,3,1
15,4.6,807338,93,10000000,0,3,1
22,2.5,81,69,10000,0,2,1
14,4.2,8509,17,1000000,0,1,1
12,4.7,580160,29,5000000,0,1,1
20,4.3,16657,39,1000000,0,1,1
18,4.3,1465,79,100000,0,1,1
24,4.3,2267,79,500000,0,1,1
24,3.7,10796,69,1000000,0,1,1
8,3.3,149,16,10000,0,2,1
8,2.5,5377,19,500000,0,2,1
8,2.5,5377,19,500000,0,2,1
13,4.5,19870,79,1000000,0,1,1
19,4.2,3448,13,100000,0,1,1
8,4.0,13440,49,500000,0,2,1
9,4.1,200058,18,10000000,0,1,1
30,4.2,27,39,5000,0,1,1
4,4.7,967,6,500000,0,1,1
12,4.5,12293,49,1000000,0,1,1
12,3.8,9513,89,100000,0,1,1
16,4.0,2894,29,500000,0,1,1
27,4.5,30834,13,1000000,0,1,1
19,4.0,4160,39,500000,0,1,1
30,4.3,27749,16,1000000,0,1,1
24,3.9,28694,29,1000000,0,1,1
15,4.4,28510,79,500000,0,3,1
14,4.6,4925,17,1000000,0,1,1
12,4.2,70753,14,5000000,0,1,1
12,4.1,200214,18,10000000,0,1,1
32,4.6,3930,39,500000,0,1,1
12,3.8,120,29,10000,0,1,1
15,4.4,201537,69,5000000,0,3,1
15,3.5,4416,59,500000,0,3,1
10,4.3,256664,79,10000000,0,1,1
15,4.1,347883,29,10000000,0,1,1
24,4.8,201,69,1000,1,1,1
30,4.3,15070,69,1000000,0,1,1
16,4.8,787,59,1000,1,1,1
31,3.4,2277,29,1000000,0,1,1
15,4.1,7904,29,500000,0,1,1
20,4.5,37937,29,1000000,0,1,1
12,4.6,99,19,10000,0,3,1
25,4.4,111066,79,5000000,0,1,1
2,4.8,116986,35,5000000,0,1,1
24,4.5,5783441,14,100000000,0,1,1
15,4.3,224514,89,5000000,0,3,1
9,4.8,4075,59,500000,0,1,1
19,4.8,28588,29,1000000,0,1,1
12,4.9,11,49,5000,0,1,1
15,4.2,3816799,39,100000000,0,1,1
15,4.2,3815614,39,100000000,0,1,1
12,4.2,367951,79,5000000,0,3,1
12,4.5,2751,79,100000,0,1,1
14,3.8,22513,11,1000000,0,1,1
29,4.5,180938,29,10000000,0,1,1
16,2.7,3,99,100,0,1,1
15,4.4,54082,29,10000000,0,1,1
26,5.0,9,29,50,0,1,1
30,4.3,434,39,50000,0,1,1
25,4.0,21159,39,500000,0,1,1
16,4.6,48226,29,1000000,0,1,1
16,4.6,48226,29,1000000,0,1,1
19,3.2,16168,59,1000000,0,1,1
22,4.3,37882,99,1000000,0,3,1
3,4.4,74,2,10000,0,1,1
3,4.2,30,2,10000,0,1,1
31,3.1,16,18,5000,0,1,1
30,4.5,876866,99,50000000,0,1,1
12,4.4,148826,49,1000000,0,3,1
12,4.4,129542,69,1000000,0,1,1
26,3.0,460,15,50000,0,1,1
17,4.1,24977,29,1000000,0,1,1
5,2.9,97,99,10000,0,1,1
26,4.7,17955,39,1000000,0,1,1
30,4.6,79,35,1000,0,1,1
5,3.9,16589,1,1000000,0,1,1
20,4.4,1421884,39,50000000,0,1,1
15,4.5,32831,29,500000,0,3,1
6,3.9,2181,10,100000,0,3,1
29,3.5,4057,29,500000,0,1,1
26,4.7,19302,79,5000000,0,1,1
3,4.3,18,1,5000,0,1,1
22,4.6,56524,14,1000000,0,3,1
23,4.7,8343,89,50000,1,1,1
25,4.3,307453,17,10000000,0,1,1
2,4.6,5097,19,1000000,0,1,1
1,4.1,654,12,100000,0,1,1
8,4.1,10,11,5000,0,1,1
12,4.1,262,29,50000,0,1,1
12,4.2,5,39,500,0,1,1
23,4.2,20,17,10000,0,1,1
12,4.3,13,29,500,0,1,1
21,4.3,35,89,5000,1,1,1
28,4.3,420,18,50000,0,1,1
26,2.4,166,69,10000,0,1,1
24,4.4,1591,79,10000,1,1,1
26,4.4,607,39,50000,0,1,1
12,4.5,253,89,10000,1,1,1
12,4.5,253,89,10000,1,1,1
18,4.5,399,99,100000,0,1,1
21,4.5,453,11,100000,0,1,1
21,4.5,453,11,100000,0,1,1
24,4.5,15633,14,1000000,0,1,1
12,4.6,477,1,10000,0,1,1
12,4.6,47,39,5000,0,1,1
13,4.6,459,22,10000,1,1,1
21,3.7,9,29,500,0,1,1
21,3.7,9,29,500,0,1,1
3,4.7,900,39,5000,0,1,1
12,4.7,39,29,1000,0,1,1
12,4.7,3,1,1000,1,1,1
1,3.8,178,19,50000,0,1,1
12,3.9,168,69,5000,0,1,1
3,4.0,364,6,100000,0,1,1
12,4.0,13,29,5000,0,1,1
19,5.0,2,1,100,0,1,1
26,5.0,43,69,500,0,1,1
24,3.8,87,49,10000,0,1,1
15,4.1,3371,79,100000,0,3,1
15,3.6,120852,29,10000000,0,3,1
6,4.7,3596,7,10000,0,3,1
15,4.3,211,39,50000,0,1,1
29,2.6,64,1,10000,0,1,1
12,3.9,139,49,50000,0,1,1
19,5.0,2,69,10,0,1,1
19,5.0,15,49,100,0,1,1
12,3.9,1909,89,100000,0,3,1
12,2.0,27,39,5000,0,3,1
24,4.1,8,49,1000,0,1,1
22,4.3,117,59,10000,0,1,1
18,4.5,1703,29,100000,0,1,1
25,4.2,4410,49,1000000,0,1,1
31,4.2,92,29,10000,0,1,1
13,3.7,120,39,10000,0,1,1
24,4.8,3283,39,100000,0,1,1
24,4.9,934,39,10000,0,1,1
24,4.8,18,16,5000,1,1,1
27,4.0,13085,29,1000000,0,3,1
27,4.0,13085,29,1000000,0,3,1
27,4.0,13085,29,1000000,0,3,1
12,4.3,11950,19,5000000,0,1,1
19,4.4,3114,13,100000,0,1,1
25,4.6,666,89,100000,0,1,1
12,4.1,665,59,50000,0,1,1
12,4.0,8,39,500,0,1,1
12,4.5,11,39,500,0,2,1
12,4.1,157,79,50000,0,1,1
30,4.1,29,22,5000,0,1,1
24,3.2,114,35,10000,0,1,1
1,4.2,175,89,50000,0,1,1
28,4.2,6,22,100,0,1,1
24,3.3,25,49,1000,0,1,1
17,4.3,273,79,50000,0,1,1
26,4.3,247,49,10000,0,1,1
15,4.4,10786,29,1000000,0,1,1
12,3.5,9335,12,1000000,0,1,1
12,3.5,163,39,1000,0,1,1
26,3.5,43,49,1000,0,1,1
26,4.5,8,35,100,0,1,1
12,3.6,688,29,50000,0,1,1
24,4.6,4724,59,1000000,0,1,1
26,4.6,12,15,1000,0,1,1
13,4.9,8,35,500,0,1,1
22,4.9,13,22,100,0,1,1
10,4.0,11656,49,1000000,0,1,1
12,5.0,2,89,10,0,1,1
19,5.0,5,15,100,0,1,1
15,3.6,33,79,5000,0,3,1
15,4.2,4537,15,100000,0,1,1
29,4.4,670,35,10000,0,1,1
30,4.5,14,29,500,1,1,1
12,3.9,137377,39,5000000,0,1,1
12,4.4,21,39,1000,0,1,1
15,4.4,460,39,50000,0,1,1
23,4.5,806,11,500000,0,1,1
10,4.4,17682,99,1000000,0,1,1
15,4.5,306764,29,10000000,0,1,1
23,4.1,44,39,10000,0,1,1
22,4.3,65,39,10000,0,1,1
8,4.6,185,59,10000,0,2,1
8,4.6,185,59,10000,0,2,1
8,4.7,478,6,10000,0,2,1
8,4.7,158,6,10000,0,2,1
8,4.7,791,6,10000,0,2,1
8,4.7,18,59,500,0,2,1
8,4.8,84,6,1000,0,2,1
8,4.8,110,4,10000,0,2,1
8,4.8,110,7,10000,0,2,1
8,4.8,125,6,5000,0,2,1
8,4.8,125,6,5000,0,2,1
8,4.8,5323,6,50000,0,2,1
8,4.8,20,4,500,0,2,1
8,4.9,776,7,5000,0,2,1
8,5.0,6,59,100,0,2,1
8,5.0,5,59,100,0,2,1
12,4.1,38021,19,10000000,0,1,1
12,4.1,38021,19,10000000,0,1,1
1,4.1,203,1,100000,0,1,1
12,4.1,128,39,10000,0,1,1
30,3.3,75,49,10000,0,1,1
12,4.3,70903,59,5000000,0,1,1
13,4.3,70,39,10000,0,1,1
28,4.3,48,11,5000,0,1,1
2,4.4,2680,1,500000,0,1,1
12,4.4,13155,89,1000000,0,1,1
12,4.4,13155,89,1000000,0,1,1
12,4.4,13155,89,1000000,0,1,1
30,4.4,7,59,1000,0,1,1
12,3.5,34,39,1000,0,1,1
15,4.6,15,39,50,0,1,1
1,4.7,158,11,10000,0,1,1
12,4.7,36,79,1000,0,1,1
12,4.7,10,39,1000,1,1,1
19,4.7,29,39,1000,0,1,1
3,4.8,104,12,10000,0,1,1
12,4.8,53,49,1000,0,1,1
12,3.9,44062,59,1000000,0,1,1
12,5.0,3,22,1000,0,1,1
24,4.5,2,10,500,0,2,1
12,4.6,7,79,1000,0,2,1
12,3.7,11748,39,1000000,0,3,1
15,4.7,2066,29,100000,0,3,1
30,4.3,996,10,50000,0,1,1
31,4.3,34,79,1000,0,1,1
12,4.4,847,29,10000,0,1,1
12,4.5,46369,39,10000000,0,1,1
25,4.6,15700,10,1000000,0,1,1
12,4.9,55723,14,1000000,0,1,1
15,4.0,24312,29,500000,0,1,1
23,4.1,319,11,100000,0,1,1
13,4.6,106,49,10000,0,1,1
13,4.0,142,69,10000,0,1,1
24,4.1,293,39,100000,0,1,1
2,3.2,250,1,100000,0,1,1
29,4.3,1802,99,100000,0,1,1
31,2.5,12,12,1000,0,1,1
15,4.5,413,99,1000,1,1,1
30,4.5,2,39,100,1,1,1
12,3.7,126,49,10000,0,1,1
30,4.7,76,22,50000,0,1,1
12,3.8,302,89,10000,0,1,1
19,3.8,4,14,500,0,1,1
7,3.0,39,49,10000,0,1,1
15,4.3,11379,29,500000,0,1,1
28,5.0,30,13,100,0,3,1
12,4.1,138050,59,10000000,0,1,1
12,4.4,499,29,100000,0,1,1
17,4.5,30,29,1000,0,1,1
12,4.6,69,35,1000,0,1,1
19,5.0,14,22,100,0,1,1
8,3.5,35,16,1000,0,2,1
8,3.5,35,16,1000,0,2,1
19,4.1,124,39,5000,1,1,1
22,3.7,533,39,50000,0,1,1
12,4.7,47463,29,1000000,0,1,1
14,4.5,2448,19,100000,0,1,1
11,4.0,3782,99,100000,0,1,1
26,4.1,22,29,1000,0,1,1
12,4.2,14432,39,500000,0,1,1
15,4.2,640974,49,50000000,0,1,1
12,4.3,6,39,1000,1,1,1
21,2.4,32,89,5000,0,1,1
29,4.4,172,49,5000,1,1,1
24,4.5,10158,39,500000,0,1,1
5,4.6,822,1,100000,0,1,1
12,4.6,33,11,5000,0,1,1
12,4.6,14,79,5000,0,1,1
22,4.6,30,39,1000,0,1,1
24,4.7,19,69,1000,0,1,1
8,4.4,28,6,500,0,1,1
8,4.4,28,6,500,0,1,1
13,4.5,166,39,10000,0,1,1
11,4.7,120,59,10000,0,1,1
12,4.7,429,12,10000,1,1,1
16,4.0,87,39,10000,0,1,1
8,3.0,2,16,100,0,2,1
4,3.4,1680,49,100000,0,1,1
12,4.3,34898,92,1000000,0,3,1
12,4.3,63186,16,10000000,0,1,1
15,4.7,21,99,100,0,1,1
12,4.5,58795,79,10000000,0,1,1
15,3.7,303,39,100000,0,1,1
25,3.8,6,39,1000,0,1,1
12,4.2,13,29,1000,1,1,1
12,4.6,6231,39,1000000,0,1,1
17,3.9,10117,13,1000000,0,1,1
32,4.4,3066,99,1000000,0,1,1
23,4.5,86,29,10000,0,1,1
29,3.9,5644,14,1000000,0,1,1
12,4.0,39647,79,10000000,0,1,1
12,4.5,26916,69,500000,0,1,1
24,4.4,1623,11,1000000,0,2,1
8,4.3,6,99,100,0,2,1
12,3.9,121321,49,5000000,0,1,1
5,4.2,715,79,100000,0,1,1
12,4.2,106,79,50000,0,1,1
16,4.4,465,69,500000,0,1,1
12,4.6,7148,89,100000,1,1,1
6,4.7,2249,32,500000,0,1,1
15,3.9,1987,69,100000,0,2,1
12,4.2,67,69,5000,0,3,1
12,4.0,154,59,50000,0,3,1
12,4.4,1595,14,500000,0,1,1
12,4.6,222,15,10000,0,1,1
1,4.7,121,1,10000,0,1,1
27,4.2,4158,29,500000,0,3,1
32,4.1,7624,69,1000000,0,1,1
15,4.2,3878,69,500000,0,1,1
30,4.2,11,35,500,1,1,1
30,4.3,34,12,1000,0,1,1
5,3.4,22,49,1000,0,1,1
30,3.5,382,35,100000,0,1,1
21,3.6,18,39,1000,0,1,1
3,4.6,4369,14,100000,0,1,1
6,4.7,73,1,10000,0,1,1
5,4.0,12,89,5000,0,1,1
12,3.1,4798,39,500000,0,3,1
15,4.8,526595,49,10000000,0,1,1
29,4.8,1660,49,10000,0,1,1
15,4.3,42053,29,10000000,0,1,1
23,3.8,824,59,1000000,0,1,1
12,4.4,102215,49,1000000,0,3,1
12,4.6,25,59,5000,0,1,1
30,3.0,736,6,100000,0,1,1
15,5.0,5,49,10,0,1,1
21,4.5,330,17,50000,0,1,1
14,4.7,2707,89,100000,0,1,1
15,4.4,1432447,59,50000000,0,1,1
12,4.7,8508,59,500000,0,1,1
24,4.4,733838,29,10000000,0,1,1
30,2.8,29,14,1000,0,1,1
26,4.6,1048766,13,10000000,0,1,1
24,4.1,398,69,100000,0,1,1
7,4.6,191032,26,5000000,0,1,1
12,4.5,11436,15,1000000,0,1,1
12,4.4,17753,16,1000000,0,1,1
15,4.4,74673,17,10000000,0,1,1
15,4.4,74695,17,10000000,0,1,1
12,4.3,30668,39,5000000,0,1,1
12,4.5,5761,29,1000000,0,1,1
12,4.4,42145,29,10000000,0,1,1
15,4.4,42145,29,10000000,0,1,1
12,4.6,4289,39,500000,0,1,1
12,4.4,14774,19,1000000,0,1,1
15,4.4,93033,98,5000000,0,3,1
7,3.9,40751,35,10000000,0,3,1
28,4.6,4046,69,100000,0,3,1
28,4.7,3873,69,10000,0,3,1
28,4.8,19047,69,100000,0,3,1
28,4.8,5369,69,50000,0,3,1
28,4.8,8369,69,50000,0,3,1
28,4.8,3782,69,50000,0,3,1
28,4.9,117,69,1000,0,3,1
28,4.9,3071,69,10000,0,3,1
28,4.9,5677,69,50000,0,3,1
28,4.8,1259075,69,10000000,0,3,1
28,4.8,1264084,69,10000000,0,3,1
24,4.7,1891,6,100000,0,1,1
12,4.5,47644,29,1000000,0,1,1
12,3.9,8419,49,100000,0,3,1
26,2.6,91,29,5000,0,1,1
12,3.0,10,79,5000,0,1,1
7,4.0,122512,79,10000000,0,1,1
7,4.0,122498,79,10000000,0,1,1
20,4.1,41,29,1000,0,1,1
13,4.3,95,1,10000,0,1,1
12,4.1,1060,22,100000,0,1,1
12,4.4,218881,39,5000000,0,1,1
26,4.7,2807,99,100000,0,1,1
7,4.1,14766,16,500000,0,3,1
7,3.8,4,89,100,0,1,1
12,4.5,10053186,94,100000000,0,1,1
15,4.5,10055521,94,100000000,0,1,1
12,3.1,52,99,5000,0,1,1
5,4.1,13,39,100,0,1,1
13,4.1,7,22,1000,0,1,1
24,4.1,131,29,1000,1,1,1
28,4.1,56,10,5000,0,1,1
2,4.2,367,25,100000,0,1,1
4,4.2,860,13,100000,0,1,1
12,4.2,11002,29,1000000,0,1,1
12,4.2,12,13,1000,0,1,1
12,4.2,2801,59,500000,0,1,1
19,4.2,134,1,1000,1,1,1
25,4.2,67,15,10000,0,1,1
25,4.2,5,59,500,0,1,1
12,3.3,40,39,1000,0,1,1
12,3.3,353,22,100000,0,1,1
2,4.3,138,6,100000,0,1,1
4,4.3,241,29,100000,0,1,1
5,4.3,34,29,10000,0,1,1
6,4.3,109,39,10000,0,1,1
12,4.3,374,29,100000,0,1,1
28,4.3,39,12,5000,0,1,1
30,4.3,31,29,5000,0,1,1
12,2.4,7,22,100,1,1,1
12,3.4,16,1,500,0,1,1
30,3.4,202,12,10000,0,1,1
13,4.4,337,39,10000,0,1,1
18,4.4,58,15,10000,0,1,1
29,4.4,16,49,1000,0,1,1
29,4.4,27,79,10000,0,1,1
4,3.5,10,35,5000,0,1,1
32,3.5,197,99,10000,0,1,1
1,4.5,176,10,100000,0,1,1
12,4.5,6,39,1000,0,1,1
32,4.5,18699,49,1000000,0,1,1
12,4.6,31,39,1000,0,1,1
12,4.6,5227,6,500000,0,1,1
18,4.6,130,12,10000,0,1,1
3,4.7,257,6,50000,0,1,1
12,4.7,13,1,500,0,1,1
24,4.7,25,49,100,1,1,1
21,2.8,66,1,50000,0,1,1
12,4.8,55,1,1000,0,1,1
19,4.8,33,22,5000,0,1,1
4,3.9,20,99,10000,0,1,1
30,3.9,167,22,10000,0,1,1
9,4.9,11,69,1000,1,1,1
12,4.9,16,10,100,0,1,1
30,4.0,5,1,100,1,1,1
12,5.0,7,22,1000,0,1,1
12,5.0,3,13,10,0,1,1
12,5.0,1,49,10,0,1,1
12,5.0,7,59,10,0,1,1
12,5.0,2,1,500,0,1,1
19,5.0,5,89,100,0,1,1
21,5.0,1,49,10,0,1,1
22,5.0,10,59,100,0,1,1
29,5.0,17,1,50,0,1,1
14,4.6,1398,10,100000,0,1,1
6,3.2,1462,79,100000,0,2,1
6,3.2,1446,1,100000,0,2,1
8,4.2,24,7,1000,0,2,1
16,4.6,28,29,1000,0,2,1
24,4.6,5,89,500,0,2,1
8,4.7,6,4,100,0,2,1
8,4.7,6,7,100,0,2,1
28,2.9,90,39,10000,0,2,1
19,4.9,145,49,5000,1,2,1
8,3.0,1,6,500,0,2,1
